ping_latency_ms,packet_loss_percent,jitter_ms,download_speed_mbps,dns_time_ms,initial_buffer_time_sec,buffering_events,avg_bitrate_kbps,resolution,segment_download_time_ms,server_cpu_percent,server_memory_percent,error_rate_5xx_percent,db_response_time_ms,peak_hour_flag,activity_type,isp_name,region,device_type,root_cause
83.52,2.67,8.26,26.12,35.84,2.39,3,3000,720,137.64,69.72,61.91,0.66,95.26,1,browsing,T-Mobile,North America,Web,ISP_SIDE
57.01,3.29,6.26,22.5,34.63,6.28,4,8000,1080,101.12,63.93,26.63,1.92,102.5,0,searching,Verizon,South America,Android,APP_SIDE
52.51,1.27,23.87,28.27,35.07,0.65,1,8000,720,152.93,35.05,76.43,0.93,113.46,0,streaming,Verizon,South America,iOS,APP_SIDE
128.0,1.63,5.73,44.43,24.13,1.96,2,8000,720,248.41,88.88,47.23,0.51,126.19,1,searching,Verizon,South America,SmartTV,ISP_SIDE
85.27,3.0,21.78,72.61,34.6,0.53,1,3000,720,195.68,44.66,77.78,0.78,142.17,0,streaming,Vodafone,North America,Web,ISP_SIDE
93.0,2.38,21.33,55.1,33.0,0.77,0,15000,2160,273.55,59.82,62.44,0.23,167.59,0,searching,Vodafone,North America,iOS,APP_SIDE
56.61,1.77,4.46,61.02,29.76,1.49,2,8000,720,90.24,66.82,62.83,1.02,116.06,0,browsing,Vodafone,Asia-Pacific,iOS,ISP_SIDE
64.65,0.49,24.5,65.72,54.75,3.17,0,3000,1080,187.5,30.84,67.49,1.1,178.75,0,browsing,Vodafone,North America,SmartTV,ISP_SIDE
57.56,2.09,15.66,21.93,37.05,0.21,3,5000,1080,150.55,50.06,53.92,1.36,103.37,0,streaming,Verizon,Asia-Pacific,Android,APP_SIDE
131.25,0.28,23.11,41.96,37.23,0.59,0,5000,1080,156.84,101.69,63.48,0.78,78.97,1,streaming,Vodafone,North America,Web,APP_SIDE
88.33,2.96,6.27,45.42,26.31,0.04,3,15000,2160,295.95,56.0,56.31,0.26,135.41,0,searching,Comcast,Europe,iOS,ISP_SIDE
96.29,0.87,5.77,59.45,30.17,1.36,3,5000,1080,288.07,94.59,59.18,0.76,81.99,0,browsing,Airtel,Asia-Pacific,Web,APP_SIDE
58.8,0.67,19.35,29.09,27.41,0.41,1,5000,1080,136.56,69.07,69.59,2.18,148.7,1,browsing,T-Mobile,South America,iOS,APP_SIDE
124.49,2.12,2.66,41.61,24.26,4.53,0,8000,1080,284.47,37.43,59.53,1.44,83.19,0,streaming,AT&T,South America,Android,ISP_SIDE
94.99,4.35,14.05,57.45,46.23,1.68,2,8000,1080,258.24,67.58,81.51,1.04,80.4,0,searching,T-Mobile,South America,Android,APP_SIDE
81.78,4.16,7.95,44.02,23.25,0.19,1,3000,1080,155.6,32.81,51.89,0.79,110.38,0,browsing,AT&T,Asia-Pacific,Web,ISP_SIDE
107.94,2.14,18.82,1.96,40.5,4.02,2,15000,2160,167.27,72.49,70.19,0.59,166.44,1,streaming,Verizon,South America,Web,ISP_SIDE
96.55,1.65,8.81,38.37,40.96,1.28,1,8000,1080,157.38,36.21,66.85,1.67,105.67,0,searching,Verizon,North America,Web,APP_SIDE
91.44,3.73,6.33,30.56,36.07,2.74,2,8000,720,133.08,83.6,74.82,2.56,129.63,1,searching,Verizon,South America,SmartTV,ISP_SIDE
63.89,4.27,18.32,32.54,26.72,2.02,3,8000,1080,238.33,55.56,64.5,0.69,161.23,0,browsing,Verizon,South America,iOS,ISP_SIDE
87.11,1.02,20.68,32.86,40.23,0.6,3,8000,1080,153.06,56.68,64.43,1.31,105.6,1,searching,AT&T,North America,SmartTV,ISP_SIDE
117.8,0.81,14.41,24.28,37.79,2.99,1,3000,720,169.74,56.05,60.34,1.67,96.74,1,browsing,Comcast,Asia-Pacific,SmartTV,APP_SIDE
100.98,0.43,7.42,15.9,24.3,1.53,0,5000,1080,100.39,75.76,60.57,2.15,156.43,0,browsing,AT&T,Europe,iOS,APP_SIDE
57.93,1.63,8.86,45.93,29.38,0.62,0,8000,1080,105.43,60.87,62.95,0.16,102.66,0,browsing,Airtel,Asia-Pacific,Web,ISP_SIDE
73.91,1.43,2.14,53.4,14.69,0.95,2,8000,720,161.06,57.98,78.97,1.67,74.02,0,browsing,AT&T,Europe,Android,ISP_SIDE
49.92,0.07,18.32,58.68,31.9,2.16,1,3000,720,195.15,72.51,48.67,2.19,95.2,1,browsing,Comcast,Europe,SmartTV,APP_SIDE
78.0,1.45,18.59,41.21,30.58,2.52,0,3000,720,233.31,67.38,62.92,1.23,127.26,0,browsing,Comcast,North America,SmartTV,ISP_SIDE
98.68,1.16,13.03,48.34,29.44,4.4,1,8000,720,156.5,89.74,69.2,0.09,64.33,1,searching,Verizon,Asia-Pacific,iOS,ISP_SIDE
59.78,2.67,4.41,55.98,33.68,1.72,0,3000,1080,209.63,52.12,56.89,0.15,109.14,0,searching,T-Mobile,South America,Web,APP_SIDE
67.61,1.51,5.25,38.61,32.24,2.28,1,8000,720,152.65,33.02,61.34,4.4,118.29,0,browsing,Verizon,Europe,Web,APP_SIDE
77.9,0.13,18.14,49.43,25.25,6.21,1,5000,720,127.74,48.88,70.61,0.62,69.02,0,browsing,Vodafone,Asia-Pacific,SmartTV,APP_SIDE
108.73,2.53,7.81,21.89,27.62,1.15,1,8000,720,182.83,62.94,42.61,1.03,159.79,1,streaming,T-Mobile,Asia-Pacific,Android,APP_SIDE
118.96,1.55,22.42,1.59,26.99,4.2,1,5000,720,302.28,65.65,55.82,1.38,145.25,1,searching,T-Mobile,Asia-Pacific,iOS,ISP_SIDE
84.06,0.57,13.9,20.51,26.93,2.6,0,3000,1080,230.17,48.01,73.24,0.83,131.81,0,streaming,Vodafone,North America,iOS,ISP_SIDE
149.05,1.54,3.87,18.6,29.95,2.61,0,5000,720,262.66,78.59,50.77,2.26,162.51,1,streaming,T-Mobile,Asia-Pacific,iOS,APP_SIDE
112.66,2.24,14.73,35.51,24.11,3.01,2,5000,1080,155.94,101.72,61.15,1.48,135.29,1,browsing,Verizon,Europe,Android,APP_SIDE
69.06,1.2,15.37,18.73,38.68,1.1,2,15000,2160,241.91,82.32,56.39,1.39,101.27,1,searching,Airtel,Europe,Android,ISP_SIDE
86.75,1.21,2.75,58.87,39.9,1.63,1,5000,720,274.33,58.34,56.3,0.88,99.12,0,browsing,Airtel,Europe,iOS,APP_SIDE
85.71,1.72,16.31,14.42,22.44,3.19,1,8000,1080,150.44,33.2,64.36,1.49,106.66,1,searching,Comcast,South America,SmartTV,ISP_SIDE
85.71,1.06,8.82,54.93,30.63,5.31,1,5000,720,236.34,85.88,54.63,0.56,120.33,0,streaming,AT&T,Europe,Android,APP_SIDE
97.37,3.86,13.96,43.2,38.71,2.26,0,15000,2160,167.47,41.59,52.12,0.45,149.05,0,browsing,Verizon,North America,iOS,APP_SIDE
52.1,1.39,18.74,56.8,33.09,0.7,3,5000,720,151.67,76.01,56.39,1.17,65.96,0,browsing,Vodafone,North America,Web,ISP_SIDE
69.01,4.35,24.03,25.2,27.43,1.9,1,8000,1080,130.37,51.97,50.86,2.83,118.97,0,streaming,Airtel,North America,iOS,APP_SIDE
97.52,1.08,6.86,9.55,35.89,9.53,0,3000,720,112.34,78.56,59.37,1.11,82.75,1,streaming,T-Mobile,North America,SmartTV,ISP_SIDE
47.14,2.41,22.59,47.29,48.73,3.44,1,3000,720,242.7,36.69,71.79,1.11,74.68,0,searching,T-Mobile,Europe,SmartTV,ISP_SIDE
14.58,3.44,20.04,49.43,21.09,1.62,2,15000,2160,183.56,50.44,63.05,3.43,44.16,0,streaming,Comcast,Europe,iOS,APP_SIDE
99.92,3.34,22.27,27.67,24.61,4.98,1,3000,1080,205.36,96.31,50.65,0.87,43.11,0,streaming,Verizon,North America,iOS,APP_SIDE
33.79,1.18,8.6,47.94,46.27,2.19,1,3000,1080,105.14,53.8,53.24,2.11,78.26,0,streaming,Vodafone,Europe,SmartTV,ISP_SIDE
64.55,1.22,15.85,35.16,23.78,1.9,0,5000,720,151.49,61.2,58.29,2.0,121.28,1,streaming,AT&T,Asia-Pacific,Web,APP_SIDE
53.15,2.66,15.42,41.66,26.64,1.31,1,15000,2160,201.46,58.5,50.39,3.07,167.87,0,streaming,AT&T,Europe,Web,ISP_SIDE
102.96,3.33,14.97,37.75,7.98,2.03,0,8000,720,198.71,48.38,58.05,1.98,63.2,1,searching,Comcast,North America,Web,APP_SIDE
23.49,3.7,13.19,48.88,40.65,1.2,2,5000,1080,190.92,66.04,53.58,1.56,152.85,0,searching,Vodafone,North America,Web,ISP_SIDE
115.01,2.05,11.59,16.2,27.26,4.18,1,3000,1080,227.83,58.69,58.39,3.2,144.21,1,browsing,Verizon,North America,SmartTV,APP_SIDE
97.74,1.53,15.57,57.22,23.64,4.11,2,5000,720,255.67,75.33,56.05,5.05,93.98,0,streaming,Verizon,North America,Web,APP_SIDE
108.56,0.72,13.06,39.97,29.92,0.65,1,3000,1080,35.48,81.97,61.25,0.82,121.74,1,browsing,Verizon,South America,SmartTV,ISP_SIDE
28.46,1.1,11.91,49.74,33.44,1.39,0,5000,1080,260.52,65.06,63.25,1.98,121.71,0,streaming,Airtel,Asia-Pacific,Web,APP_SIDE
46.55,2.88,19.92,46.79,25.75,2.43,1,15000,2160,104.04,31.98,73.25,1.11,138.66,0,streaming,Airtel,Europe,Android,APP_SIDE
29.78,1.72,9.11,63.83,30.44,3.64,0,8000,720,176.63,34.26,74.43,0.33,123.67,0,searching,AT&T,South America,Web,APP_SIDE
68.79,2.49,8.15,51.21,34.49,5.63,0,5000,720,171.63,70.88,70.74,0.27,114.34,0,streaming,Airtel,Europe,Android,ISP_SIDE
137.94,1.12,14.64,15.29,36.92,1.19,0,5000,720,57.13,78.17,61.49,0.67,113.21,1,browsing,Comcast,North America,iOS,ISP_SIDE
83.03,1.68,14.77,42.72,27.78,5.38,1,3000,720,225.76,66.17,47.52,1.8,142.74,1,browsing,Airtel,Asia-Pacific,SmartTV,ISP_SIDE
59.98,3.97,11.78,41.01,27.12,0.81,1,15000,2160,95.75,52.48,68.16,1.8,108.42,0,searching,Verizon,South America,Android,APP_SIDE
121.89,4.83,11.99,38.03,34.97,2.03,0,3000,720,243.65,34.55,58.41,1.61,187.72,0,streaming,Verizon,North America,iOS,ISP_SIDE
87.78,0.6,19.75,56.23,33.9,2.09,1,15000,2160,195.1,89.5,60.26,0.97,172.7,0,searching,AT&T,South America,iOS,ISP_SIDE
114.58,2.46,12.27,39.46,27.43,0.19,1,3000,720,125.07,78.95,48.15,1.12,95.22,1,browsing,Comcast,Europe,Web,APP_SIDE
49.85,3.46,14.0,7.56,32.35,5.22,0,8000,1080,222.85,68.97,55.3,0.39,127.62,1,browsing,Verizon,North America,SmartTV,ISP_SIDE
106.18,0.44,10.3,24.46,22.8,1.22,0,8000,720,206.37,50.28,67.41,1.51,106.87,0,browsing,T-Mobile,South America,SmartTV,APP_SIDE
97.96,1.44,11.01,59.89,44.76,0.73,1,5000,1080,168.78,41.95,65.51,1.49,112.89,0,searching,Comcast,South America,iOS,APP_SIDE
97.41,1.9,3.26,65.51,35.28,3.35,1,5000,1080,241.15,60.6,46.13,1.72,149.06,0,browsing,Airtel,Europe,Web,APP_SIDE
137.86,0.91,2.42,19.21,35.36,3.2,1,5000,720,110.82,90.78,35.12,2.07,66.62,1,browsing,AT&T,Europe,iOS,APP_SIDE
34.09,4.32,15.29,19.46,22.59,3.13,1,8000,720,228.96,57.44,64.87,2.04,118.71,0,streaming,T-Mobile,Asia-Pacific,SmartTV,ISP_SIDE
89.2,1.52,9.82,5.66,39.45,1.75,1,8000,720,167.22,66.77,60.99,0.19,84.75,1,streaming,AT&T,North America,Android,ISP_SIDE
77.95,1.74,2.7,54.06,22.5,3.3,1,5000,1080,80.39,42.85,60.53,1.77,100.88,0,searching,Comcast,Europe,Android,APP_SIDE
95.0,1.59,13.06,17.9,32.13,1.3,0,3000,720,162.72,79.21,64.74,0.47,99.0,1,streaming,Verizon,North America,SmartTV,ISP_SIDE
120.56,2.93,23.76,47.72,35.44,5.62,0,5000,720,155.4,82.11,67.54,1.09,167.25,1,searching,Comcast,Europe,iOS,ISP_SIDE
31.03,5.11,3.32,75.96,14.71,3.16,3,5000,1080,113.38,48.84,71.87,0.11,143.68,0,browsing,AT&T,South America,SmartTV,ISP_SIDE
95.55,2.9,11.15,66.11,39.3,2.93,1,3000,1080,101.12,48.67,50.33,2.07,56.31,0,browsing,Comcast,Asia-Pacific,Web,APP_SIDE
57.62,2.87,23.7,37.02,21.99,2.32,1,8000,1080,286.98,62.12,61.54,4.22,122.23,0,searching,Comcast,Europe,Android,APP_SIDE
52.72,1.81,9.68,29.6,38.54,2.79,0,3000,1080,110.99,42.29,63.52,0.41,89.31,0,browsing,Airtel,South America,iOS,APP_SIDE
121.18,0.81,23.76,47.15,42.41,1.12,1,5000,720,185.04,85.9,45.75,1.36,115.34,1,searching,Vodafone,Europe,Web,ISP_SIDE
71.53,5.27,4.18,36.6,24.13,1.78,0,5000,720,36.43,36.17,65.17,1.64,195.99,0,searching,Comcast,North America,iOS,APP_SIDE
134.07,1.74,13.58,51.63,38.91,0.84,0,5000,720,133.66,72.3,52.73,3.28,35.82,1,streaming,Verizon,South America,Web,ISP_SIDE
123.13,1.91,4.23,36.5,17.76,0.79,0,15000,2160,164.73,70.9,58.85,2.92,67.1,1,browsing,Verizon,South America,iOS,ISP_SIDE
98.65,1.61,10.7,70.29,38.6,1.29,1,8000,720,157.18,83.62,72.87,2.76,135.8,0,searching,Vodafone,Europe,SmartTV,ISP_SIDE
66.31,0.78,19.45,41.4,26.73,0.91,3,3000,720,180.77,45.47,47.49,3.19,164.78,0,browsing,T-Mobile,South America,SmartTV,ISP_SIDE
100.74,2.52,16.11,25.79,13.98,2.14,0,3000,1080,271.05,74.73,71.31,2.82,95.59,1,searching,Verizon,Asia-Pacific,SmartTV,APP_SIDE
48.38,0.7,12.86,60.51,32.38,5.07,0,8000,720,184.89,53.47,49.9,1.02,90.87,0,searching,AT&T,Asia-Pacific,iOS,APP_SIDE
92.55,2.46,18.25,35.63,33.02,1.87,0,5000,1080,148.02,88.71,50.74,0.99,140.76,0,browsing,Vodafone,North America,SmartTV,APP_SIDE
69.6,2.92,19.08,10.22,41.97,0.47,1,5000,720,185.87,47.15,79.39,2.18,120.61,1,searching,Verizon,North America,iOS,ISP_SIDE
69.38,2.5,9.99,66.6,41.18,1.17,0,5000,1080,173.93,52.99,40.56,1.75,220.43,0,streaming,T-Mobile,South America,iOS,ISP_SIDE
26.05,2.16,14.3,52.29,33.51,5.24,0,5000,1080,204.03,55.18,49.62,0.81,134.09,0,streaming,Airtel,Europe,Web,APP_SIDE
49.01,4.22,4.11,66.98,40.01,2.11,1,5000,720,195.57,46.5,66.93,2.06,90.95,0,streaming,Airtel,South America,SmartTV,ISP_SIDE
91.2,2.03,3.99,15.03,15.88,3.58,1,8000,1080,82.95,66.66,71.52,1.03,126.95,1,streaming,Comcast,North America,Web,APP_SIDE
90.42,1.03,12.06,59.84,28.97,1.12,4,8000,720,118.54,46.66,59.36,0.98,85.6,0,browsing,Verizon,North America,Web,APP_SIDE
128.25,0.38,23.02,52.41,30.44,6.2,0,5000,720,200.96,58.54,51.45,2.15,170.64,0,browsing,Vodafone,Europe,SmartTV,APP_SIDE
160.34,0.8,23.36,15.92,40.07,0.83,1,15000,2160,169.74,62.51,68.47,1.62,113.67,1,streaming,T-Mobile,South America,Web,APP_SIDE
123.58,0.85,6.79,57.65,25.67,2.37,2,5000,720,195.57,34.19,71.52,0.36,124.66,0,streaming,Comcast,Europe,SmartTV,APP_SIDE
80.14,2.82,19.28,69.58,26.97,1.29,3,8000,1080,149.97,65.54,38.33,0.5,154.29,0,browsing,Airtel,Asia-Pacific,Web,APP_SIDE
62.62,1.12,10.8,3.1,38.74,6.01,0,8000,720,242.88,72.89,50.66,0.59,93.92,1,searching,Airtel,Europe,SmartTV,ISP_SIDE
40.07,1.62,21.02,27.79,24.38,0.6,2,15000,2160,187.15,72.88,67.85,3.64,104.67,0,streaming,Airtel,Europe,Android,ISP_SIDE
37.75,0.9,12.12,49.95,34.39,2.32,2,8000,1080,278.31,62.1,43.61,0.89,89.4,0,streaming,AT&T,North America,iOS,APP_SIDE
85.0,1.52,8.38,17.45,8.68,2.15,1,15000,2160,165.54,97.09,55.99,1.23,159.38,1,streaming,Comcast,South America,SmartTV,APP_SIDE
83.11,2.19,8.59,38.47,27.14,3.24,1,8000,720,183.82,67.26,57.24,1.89,18.47,0,searching,Vodafone,Asia-Pacific,SmartTV,APP_SIDE
19.51,2.71,20.06,56.34,15.41,3.48,0,8000,1080,117.85,54.34,47.28,2.26,108.56,0,streaming,Vodafone,Europe,iOS,ISP_SIDE
105.73,3.7,4.78,35.75,32.16,1.21,1,5000,1080,218.74,65.95,59.96,2.3,76.39,1,browsing,Airtel,Asia-Pacific,Android,APP_SIDE
81.28,1.88,21.8,18.44,37.11,0.21,1,8000,1080,318.38,96.13,68.15,2.27,146.49,1,searching,Vodafone,Europe,Web,APP_SIDE
70.46,0.45,13.78,40.56,36.34,0.38,0,3000,720,171.24,70.41,65.33,0.64,37.39,1,streaming,Comcast,Europe,Android,APP_SIDE
115.31,0.98,20.96,31.99,32.24,0.27,1,5000,1080,188.72,46.55,69.69,0.94,72.52,0,streaming,Airtel,North America,SmartTV,ISP_SIDE
73.73,1.82,21.61,28.84,24.62,1.63,3,5000,1080,139.97,77.1,61.73,1.82,116.28,1,searching,Verizon,Europe,SmartTV,APP_SIDE
19.6,0.72,22.18,57.88,41.11,2.48,2,5000,720,196.05,76.35,46.82,0.36,188.22,0,streaming,Airtel,South America,Web,ISP_SIDE
95.65,2.34,10.07,33.95,27.72,1.2,0,8000,1080,170.09,74.5,62.57,1.14,95.19,1,searching,T-Mobile,South America,iOS,APP_SIDE
84.02,1.67,17.79,43.57,28.0,9.53,2,3000,1080,173.79,23.8,52.08,2.99,159.93,0,searching,Verizon,North America,Android,APP_SIDE
32.99,4.42,2.87,31.28,20.76,4.45,0,5000,1080,204.79,76.97,62.14,0.63,86.21,0,streaming,T-Mobile,North America,Web,APP_SIDE
117.88,1.77,18.84,22.24,20.79,0.4,0,8000,1080,204.09,58.5,62.98,0.71,35.47,1,browsing,AT&T,Asia-Pacific,SmartTV,ISP_SIDE
73.24,4.52,19.1,22.74,15.22,0.54,0,8000,720,89.43,86.02,77.59,4.78,132.83,0,searching,Vodafone,North America,Android,ISP_SIDE
92.62,2.93,23.29,57.89,39.94,1.19,2,3000,720,156.65,38.5,44.37,1.84,207.75,0,searching,Airtel,South America,iOS,APP_SIDE
103.42,2.71,11.14,30.13,36.66,3.75,0,5000,1080,319.75,68.48,61.26,1.66,158.02,1,searching,Verizon,Europe,Web,ISP_SIDE
58.95,1.72,4.67,49.94,35.09,1.16,0,8000,720,185.98,70.15,59.23,0.87,144.06,1,searching,Verizon,South America,SmartTV,APP_SIDE
57.49,2.86,6.86,13.16,31.32,2.39,2,15000,2160,88.54,70.28,57.93,2.0,93.21,1,searching,Airtel,Asia-Pacific,Android,APP_SIDE
67.59,1.86,11.74,40.01,26.47,2.56,0,3000,720,232.52,73.4,65.94,0.9,26.12,0,streaming,T-Mobile,North America,iOS,APP_SIDE
56.3,1.5,4.69,53.31,43.01,2.92,1,15000,2160,108.78,71.93,54.45,2.27,67.69,0,browsing,Vodafone,Europe,Android,APP_SIDE
96.56,1.95,21.0,-0.46,44.69,5.32,3,3000,1080,215.33,72.39,51.52,2.02,129.33,1,searching,Airtel,Asia-Pacific,iOS,ISP_SIDE
41.85,2.08,4.67,42.82,39.7,1.39,2,3000,720,132.48,29.85,68.66,0.8,64.89,0,searching,Comcast,Asia-Pacific,Android,ISP_SIDE
72.09,3.41,5.51,7.07,26.27,2.73,1,15000,2160,249.7,59.12,63.83,2.72,144.14,1,streaming,T-Mobile,Europe,SmartTV,ISP_SIDE
50.09,1.08,7.89,36.52,21.69,3.87,1,5000,1080,184.45,41.94,55.57,5.26,65.53,0,browsing,Verizon,South America,Web,APP_SIDE
80.83,2.21,10.62,35.94,47.61,2.21,0,15000,2160,239.37,76.32,44.56,0.78,135.77,0,searching,Airtel,South America,iOS,APP_SIDE
32.13,2.24,9.93,27.17,30.55,1.03,2,8000,1080,131.67,39.36,56.82,2.46,148.42,0,searching,Verizon,South America,iOS,APP_SIDE
17.26,0.61,22.25,71.38,37.61,0.54,1,5000,720,138.22,36.56,48.15,0.54,112.04,0,searching,Comcast,South America,iOS,ISP_SIDE
30.1,0.69,21.66,29.41,28.07,1.2,2,3000,720,237.29,51.51,64.49,0.8,145.82,0,streaming,Airtel,Asia-Pacific,iOS,ISP_SIDE
60.45,3.84,23.62,50.17,38.77,1.41,1,3000,720,128.49,49.22,63.2,2.82,78.42,0,streaming,Comcast,South America,SmartTV,APP_SIDE
81.23,2.46,7.81,41.06,37.76,0.62,1,5000,1080,77.65,63.88,58.81,0.08,98.2,1,streaming,Comcast,North America,iOS,APP_SIDE
53.51,0.9,14.74,23.56,38.87,1.79,2,5000,1080,186.62,58.67,49.21,2.66,162.53,0,streaming,Vodafone,Asia-Pacific,Android,APP_SIDE
81.13,1.78,17.4,45.97,29.84,3.27,1,5000,1080,269.92,59.32,53.89,1.42,58.85,0,browsing,Verizon,Europe,Web,APP_SIDE
83.3,2.1,13.95,23.12,18.26,0.9,3,5000,1080,135.03,91.22,60.12,0.56,122.13,0,browsing,Vodafone,North America,Android,APP_SIDE
56.98,3.59,3.66,51.11,29.99,0.33,2,3000,1080,117.48,74.69,58.68,1.31,94.25,0,streaming,Comcast,North America,iOS,APP_SIDE
78.35,3.08,8.16,48.1,33.84,7.63,0,3000,1080,139.51,46.56,54.45,0.66,135.76,0,streaming,Comcast,North America,SmartTV,APP_SIDE
106.45,2.43,19.52,45.25,31.5,2.77,2,8000,1080,180.5,39.19,49.65,1.78,114.37,0,streaming,T-Mobile,Europe,SmartTV,ISP_SIDE
91.59,1.14,13.0,3.86,22.0,3.03,0,5000,720,164.46,55.84,78.37,0.38,134.26,0,browsing,Verizon,Europe,Web,ISP_SIDE
83.69,0.31,23.31,21.71,29.18,2.02,1,8000,1080,177.1,74.72,54.21,2.06,122.06,1,searching,Verizon,South America,Android,APP_SIDE
84.67,4.51,8.38,22.7,34.78,4.7,2,3000,1080,163.9,36.52,65.39,0.51,87.36,0,searching,Comcast,Europe,Web,APP_SIDE
67.94,1.49,10.87,46.28,27.6,0.93,1,8000,720,130.93,35.52,64.1,3.5,180.07,0,streaming,Verizon,North America,Web,APP_SIDE
110.7,2.14,10.61,41.65,20.15,0.54,0,3000,720,199.15,80.45,54.58,0.18,170.31,1,browsing,Airtel,North America,Web,ISP_SIDE
91.1,0.7,4.23,33.49,36.39,1.01,1,3000,720,247.42,68.13,72.82,2.12,114.73,1,searching,AT&T,South America,Web,ISP_SIDE
60.49,2.52,19.26,18.66,32.66,3.58,1,15000,2160,136.72,66.76,57.99,1.49,153.46,0,streaming,Verizon,South America,iOS,APP_SIDE
99.3,0.29,2.86,10.91,24.16,0.69,0,8000,720,354.59,56.09,55.04,0.66,128.22,1,searching,Comcast,Asia-Pacific,SmartTV,APP_SIDE
138.9,2.32,11.03,22.13,42.47,2.02,1,3000,720,159.82,88.87,56.34,0.59,154.97,1,streaming,Verizon,South America,Web,ISP_SIDE
58.15,1.5,10.55,55.67,18.84,1.61,1,5000,1080,209.28,79.04,64.54,0.39,98.27,1,streaming,Airtel,South America,SmartTV,APP_SIDE
115.03,2.42,5.04,36.15,25.84,1.69,1,3000,720,230.99,83.14,66.38,0.6,91.76,1,streaming,T-Mobile,North America,iOS,ISP_SIDE
68.33,1.2,16.96,25.03,33.34,0.84,1,3000,720,113.13,60.28,52.11,2.78,100.55,0,streaming,Verizon,South America,Web,ISP_SIDE
126.59,1.29,13.72,10.4,30.08,3.59,1,8000,720,88.37,57.55,66.42,0.91,99.55,1,streaming,T-Mobile,Asia-Pacific,Web,ISP_SIDE
100.53,3.32,9.53,21.9,38.14,2.79,1,15000,2160,60.82,61.52,51.99,0.56,135.92,1,searching,Comcast,South America,Android,APP_SIDE
38.28,3.35,12.52,57.89,29.25,0.93,1,15000,2160,161.58,78.26,55.14,0.46,118.06,0,streaming,Vodafone,South America,iOS,APP_SIDE
121.21,1.59,2.88,31.38,37.27,0.94,0,8000,1080,45.04,78.33,62.15,2.5,101.08,0,searching,Verizon,Europe,Web,APP_SIDE
152.64,0.96,5.0,26.71,28.78,3.52,3,5000,720,160.82,96.24,49.82,1.51,116.93,1,browsing,Comcast,South America,SmartTV,APP_SIDE
67.92,1.03,8.29,35.02,22.16,8.53,2,3000,720,176.5,62.16,54.58,0.9,105.27,0,searching,Comcast,North America,iOS,APP_SIDE
49.98,1.48,18.98,5.03,29.66,2.57,2,5000,720,172.89,58.37,46.87,0.82,131.41,0,streaming,Vodafone,South America,SmartTV,ISP_SIDE
30.36,3.95,16.98,47.08,36.74,1.19,2,5000,720,200.8,35.81,60.8,1.46,103.54,0,browsing,Verizon,Asia-Pacific,Android,APP_SIDE
53.58,1.36,6.46,26.92,30.46,2.15,1,3000,1080,134.15,76.24,55.67,0.19,106.63,1,streaming,Comcast,North America,iOS,APP_SIDE
101.72,0.39,23.28,62.43,29.36,0.36,0,3000,1080,202.03,104.92,69.42,0.94,155.38,1,streaming,Vodafone,Asia-Pacific,Web,APP_SIDE
97.66,0.51,2.32,43.62,34.37,1.7,2,3000,1080,175.65,52.5,60.92,0.98,95.13,0,browsing,Comcast,North America,SmartTV,APP_SIDE
61.74,0.6,17.04,61.1,16.83,0.91,1,3000,1080,316.6,54.98,71.42,1.37,135.57,0,browsing,Airtel,Asia-Pacific,iOS,ISP_SIDE
64.88,0.73,7.61,74.12,36.17,3.31,1,5000,1080,137.44,65.73,53.63,3.89,154.33,0,streaming,T-Mobile,South America,iOS,APP_SIDE
62.15,1.36,21.8,41.44,14.29,2.57,2,3000,720,259.81,48.34,63.79,4.37,121.39,0,searching,T-Mobile,Europe,Android,APP_SIDE
68.64,1.28,24.84,7.29,32.23,5.13,3,8000,1080,168.02,90.41,66.82,0.12,119.65,1,browsing,Comcast,South America,Android,ISP_SIDE
80.16,2.65,17.69,61.07,28.13,1.78,1,5000,1080,175.12,59.8,57.64,1.73,102.99,0,streaming,Vodafone,South America,Web,APP_SIDE
78.19,0.39,18.79,40.38,24.29,3.88,1,5000,1080,162.88,79.88,62.27,1.84,83.98,0,browsing,T-Mobile,Europe,SmartTV,ISP_SIDE
110.73,3.26,17.43,-16.68,12.03,0.74,1,15000,2160,258.32,61.55,60.11,2.81,145.68,1,searching,Airtel,Asia-Pacific,Android,ISP_SIDE
59.01,2.82,12.5,38.93,26.23,5.47,1,8000,1080,259.36,37.34,52.53,1.69,76.1,0,searching,Verizon,North America,Web,APP_SIDE
80.58,0.78,2.87,51.77,31.93,0.97,1,3000,1080,197.37,27.34,53.74,0.8,45.94,0,browsing,T-Mobile,Asia-Pacific,iOS,ISP_SIDE
49.41,1.63,4.29,39.18,36.35,1.27,3,15000,2160,108.19,78.76,68.61,1.69,94.5,0,browsing,Comcast,Asia-Pacific,Android,ISP_SIDE
63.38,3.26,4.21,23.8,38.79,4.0,1,3000,1080,110.55,46.69,58.5,4.51,86.42,0,browsing,Comcast,North America,Web,APP_SIDE
66.72,3.85,10.29,33.49,21.87,2.47,1,15000,2160,127.32,61.72,58.26,4.81,116.95,0,browsing,Verizon,South America,SmartTV,APP_SIDE
120.15,1.04,8.88,23.21,25.78,1.6,1,3000,1080,138.68,51.55,54.26,1.49,112.57,1,searching,T-Mobile,North America,SmartTV,ISP_SIDE
123.63,2.14,20.74,22.16,21.96,3.66,2,15000,2160,201.89,71.7,78.49,2.16,104.23,1,browsing,Vodafone,Europe,Web,APP_SIDE
48.21,2.58,17.95,11.56,24.71,0.76,0,8000,1080,342.84,79.45,71.34,0.64,70.73,0,browsing,Airtel,Asia-Pacific,Android,ISP_SIDE
74.85,4.25,23.75,50.71,25.37,4.09,0,3000,1080,191.5,68.28,52.32,1.77,80.61,0,browsing,Comcast,Asia-Pacific,Web,APP_SIDE
96.54,2.89,8.41,27.54,22.8,1.49,1,8000,720,156.8,80.92,55.44,3.7,112.06,1,browsing,Verizon,North America,Android,APP_SIDE
56.22,1.97,5.65,62.04,27.42,1.81,0,5000,720,61.89,59.09,51.0,0.16,91.81,0,searching,Comcast,Europe,SmartTV,APP_SIDE
54.68,1.66,3.03,44.19,28.51,3.05,2,8000,720,223.87,65.24,66.05,1.43,73.8,0,searching,T-Mobile,Europe,Android,APP_SIDE
99.98,2.77,7.43,57.06,22.73,5.8,0,15000,2160,167.93,61.85,67.88,2.17,102.62,1,streaming,Airtel,Asia-Pacific,Android,APP_SIDE
72.82,1.8,6.03,56.07,30.7,1.41,2,5000,720,293.39,71.08,54.82,0.45,113.83,1,browsing,T-Mobile,South America,Android,APP_SIDE
85.72,2.17,2.58,39.75,34.94,4.48,4,5000,1080,197.94,63.81,64.77,3.86,108.54,0,browsing,T-Mobile,Europe,Android,APP_SIDE
58.69,0.89,12.05,47.27,32.84,1.04,1,3000,1080,225.95,98.73,52.88,1.21,88.18,0,searching,Comcast,Europe,SmartTV,APP_SIDE
121.19,1.16,24.28,35.38,19.68,3.73,3,15000,2160,196.13,115.18,72.36,3.54,105.83,1,streaming,Comcast,South America,iOS,APP_SIDE
98.61,2.34,23.38,24.93,38.84,0.54,4,3000,720,246.14,100.17,59.86,0.29,121.99,1,searching,Vodafone,South America,Web,APP_SIDE
104.45,2.06,16.9,33.78,33.68,3.4,0,3000,720,137.07,90.14,75.95,1.09,96.93,1,searching,Vodafone,South America,Android,APP_SIDE
76.25,3.5,3.38,58.86,31.72,4.22,1,3000,720,146.25,53.32,56.82,0.76,133.06,0,streaming,Airtel,North America,SmartTV,APP_SIDE
162.66,4.56,4.0,26.79,40.54,3.07,0,5000,720,189.84,89.68,52.72,0.98,96.46,1,searching,AT&T,Europe,SmartTV,APP_SIDE
72.13,1.14,14.45,45.0,14.12,2.44,2,5000,720,212.25,29.64,59.18,0.18,126.04,0,streaming,Vodafone,Europe,SmartTV,ISP_SIDE
45.9,1.7,19.69,46.32,26.71,1.25,1,5000,720,128.27,57.73,58.29,0.53,135.62,0,streaming,Verizon,Asia-Pacific,SmartTV,ISP_SIDE
99.44,1.29,21.67,31.04,28.17,1.3,1,3000,1080,142.32,59.87,47.71,0.58,85.89,0,streaming,T-Mobile,North America,Web,APP_SIDE
53.19,1.53,5.75,37.8,24.33,4.06,0,3000,1080,78.01,70.74,62.44,3.26,86.49,0,searching,T-Mobile,North America,Android,ISP_SIDE
45.17,0.83,20.2,39.31,26.12,1.86,2,5000,1080,247.88,58.11,64.65,0.91,182.52,0,searching,T-Mobile,North America,SmartTV,ISP_SIDE
109.32,0.93,24.65,52.64,21.44,1.57,0,5000,1080,127.58,60.91,53.09,0.59,71.1,0,browsing,Verizon,South America,SmartTV,ISP_SIDE
52.9,4.22,12.32,50.99,34.61,0.65,0,3000,1080,160.86,63.86,60.14,2.43,110.83,0,searching,Verizon,South America,Android,APP_SIDE
154.13,3.43,11.46,33.48,17.06,3.42,2,3000,1080,107.33,67.59,40.96,0.78,46.56,1,searching,T-Mobile,South America,iOS,APP_SIDE
33.56,4.03,4.04,55.38,31.09,4.37,0,3000,720,254.43,49.21,69.27,1.34,153.93,0,browsing,Comcast,Europe,SmartTV,ISP_SIDE
70.95,3.5,14.34,45.78,33.63,0.37,0,8000,1080,165.8,73.89,47.03,0.86,123.06,1,browsing,Airtel,Asia-Pacific,SmartTV,ISP_SIDE
71.86,1.83,19.17,44.11,40.68,2.68,2,3000,1080,206.14,39.4,67.61,0.68,117.41,0,browsing,T-Mobile,Asia-Pacific,iOS,APP_SIDE
88.71,0.87,17.42,30.93,25.88,1.78,1,5000,720,221.83,66.59,63.07,0.23,158.84,0,streaming,T-Mobile,Europe,SmartTV,APP_SIDE
66.12,4.13,19.86,47.41,36.97,2.94,1,5000,1080,225.94,44.52,57.72,0.92,92.93,0,searching,Verizon,Europe,Web,APP_SIDE
63.28,0.43,19.68,45.81,25.41,1.44,2,8000,1080,99.88,53.29,54.4,0.39,88.28,1,streaming,Vodafone,North America,SmartTV,APP_SIDE
79.28,1.11,11.9,30.91,29.29,1.05,0,5000,1080,236.02,65.82,48.57,3.83,100.52,0,searching,Verizon,Europe,iOS,APP_SIDE
59.27,2.4,23.24,60.2,31.5,3.26,0,15000,2160,85.4,61.79,67.44,1.46,105.13,0,browsing,Verizon,South America,Web,ISP_SIDE
66.97,3.96,21.48,37.72,32.29,1.83,1,15000,2160,131.8,48.25,65.57,2.16,78.16,0,searching,Vodafone,Europe,iOS,ISP_SIDE
61.93,1.76,4.78,27.93,48.81,0.73,4,15000,2160,105.73,88.07,74.26,1.07,174.48,1,searching,Comcast,North America,iOS,ISP_SIDE
43.26,1.33,4.72,73.67,20.49,0.66,3,8000,1080,173.91,41.15,43.37,1.8,122.62,0,streaming,AT&T,South America,Android,ISP_SIDE
72.51,0.7,24.06,53.95,25.28,3.42,1,8000,1080,148.85,84.59,63.61,0.76,123.3,0,browsing,T-Mobile,North America,Web,APP_SIDE
54.85,1.58,12.59,16.55,37.89,1.76,3,8000,1080,227.11,97.82,52.58,1.71,103.08,1,searching,Comcast,Asia-Pacific,Web,APP_SIDE
57.67,0.31,7.95,48.47,38.32,1.99,2,8000,1080,304.76,50.22,52.52,3.31,109.74,0,searching,Vodafone,South America,iOS,APP_SIDE
75.38,1.27,24.87,53.54,19.74,0.3,1,15000,2160,126.14,56.97,83.02,0.29,67.65,0,streaming,T-Mobile,Asia-Pacific,SmartTV,APP_SIDE
58.73,0.44,3.94,5.56,34.96,9.64,3,3000,720,189.65,54.55,60.35,4.07,93.25,0,streaming,Airtel,Asia-Pacific,Web,ISP_SIDE
9.13,1.38,14.74,39.41,34.29,3.45,0,8000,720,123.44,52.9,55.57,2.66,110.19,0,browsing,Vodafone,Asia-Pacific,SmartTV,APP_SIDE
50.48,3.1,23.38,76.32,23.05,5.08,1,8000,720,108.14,27.22,86.12,4.83,166.19,0,browsing,Vodafone,North America,SmartTV,APP_SIDE
43.37,0.55,16.26,39.21,29.52,1.62,0,8000,720,246.91,44.75,60.7,2.26,119.0,0,searching,Verizon,South America,SmartTV,ISP_SIDE
116.9,1.2,21.59,23.63,31.03,1.58,0,15000,2160,205.85,64.38,67.47,1.22,79.61,0,streaming,Vodafone,North America,SmartTV,APP_SIDE
81.89,0.98,3.65,48.44,41.15,2.63,1,3000,1080,204.66,63.64,34.22,0.19,115.04,0,searching,Vodafone,Europe,Android,APP_SIDE
95.78,0.7,24.69,46.38,36.18,0.68,1,5000,720,169.44,67.37,55.65,4.72,55.9,1,streaming,Airtel,South America,Web,ISP_SIDE
88.86,1.08,4.21,38.54,36.97,3.44,3,5000,720,238.29,54.24,55.82,0.01,104.44,1,searching,Airtel,Asia-Pacific,Android,APP_SIDE
84.8,1.02,10.88,17.97,32.71,2.48,1,15000,2160,224.0,56.46,58.17,0.04,101.82,0,streaming,Vodafone,Asia-Pacific,Web,APP_SIDE
35.62,4.36,20.68,41.35,26.81,2.19,1,3000,1080,315.37,65.54,65.46,2.33,125.19,0,streaming,Verizon,Europe,SmartTV,APP_SIDE
91.69,2.28,20.78,35.61,26.86,0.83,2,3000,720,195.98,30.33,69.3,1.69,102.82,0,streaming,Comcast,North America,Android,ISP_SIDE
41.44,2.56,2.48,72.11,29.59,2.82,3,5000,1080,210.65,40.14,69.1,0.6,111.88,0,searching,Airtel,Europe,Web,ISP_SIDE
64.0,2.17,2.69,56.7,30.06,1.5,0,5000,1080,195.57,87.18,62.75,2.41,77.75,1,streaming,T-Mobile,South America,Android,APP_SIDE
63.87,0.59,10.66,69.53,37.5,2.36,0,3000,720,77.99,86.44,67.49,2.75,95.76,0,browsing,AT&T,South America,Web,APP_SIDE
73.59,0.08,9.1,39.33,31.1,3.94,0,3000,720,219.89,66.57,39.87,0.35,150.13,1,searching,Comcast,Europe,Web,APP_SIDE
71.2,3.28,7.51,31.86,44.18,1.55,1,5000,1080,215.2,44.83,61.35,0.6,71.99,0,streaming,T-Mobile,South America,Web,ISP_SIDE
86.73,4.65,5.91,14.05,28.32,2.89,2,5000,720,139.22,36.72,58.26,4.7,122.11,0,searching,T-Mobile,Asia-Pacific,Android,APP_SIDE
72.23,0.98,12.99,17.95,19.75,3.97,2,8000,1080,255.54,75.12,58.56,1.33,143.32,1,streaming,AT&T,Europe,Web,APP_SIDE
66.64,2.17,7.67,65.35,28.92,0.77,4,15000,2160,199.09,40.99,51.33,2.66,139.9,0,streaming,Comcast,Europe,Web,APP_SIDE
48.54,2.56,21.5,37.54,43.21,2.63,2,5000,720,192.22,56.61,49.66,1.27,135.45,0,streaming,Vodafone,North America,SmartTV,APP_SIDE
38.0,1.82,9.75,32.66,16.01,3.9,1,8000,720,190.75,41.46,55.31,2.4,136.32,0,searching,Comcast,Asia-Pacific,iOS,APP_SIDE
109.33,5.74,11.8,18.74,34.64,4.05,2,8000,720,217.81,53.71,68.63,0.74,146.27,1,browsing,Comcast,North America,iOS,APP_SIDE
66.72,1.78,5.41,24.92,37.54,1.21,1,3000,1080,292.68,84.0,64.51,2.95,90.03,1,streaming,T-Mobile,South America,SmartTV,APP_SIDE
81.85,3.62,13.08,26.43,35.26,2.16,3,8000,720,135.98,82.27,70.04,2.39,63.98,1,browsing,AT&T,South America,SmartTV,ISP_SIDE
46.1,2.63,16.84,49.86,25.99,5.43,2,5000,720,308.3,52.2,54.98,2.75,123.2,0,browsing,Comcast,Europe,Android,ISP_SIDE
52.02,1.73,23.39,32.26,25.99,1.35,2,15000,2160,172.32,36.22,62.96,2.93,164.31,0,streaming,Airtel,Asia-Pacific,SmartTV,APP_SIDE
35.53,2.4,13.35,52.48,24.5,3.95,0,3000,1080,165.54,66.83,55.86,1.86,87.72,0,searching,Comcast,South America,SmartTV,APP_SIDE
50.34,0.83,19.25,51.88,44.73,2.73,2,8000,720,133.96,58.86,48.71,1.49,64.26,0,searching,Vodafone,North America,Android,ISP_SIDE
101.26,2.64,3.72,43.7,29.14,0.52,1,3000,720,180.48,48.46,56.43,0.95,162.46,0,browsing,Verizon,Asia-Pacific,Android,APP_SIDE
73.59,0.86,4.93,57.47,30.25,0.51,0,5000,1080,229.58,53.69,51.19,1.19,94.27,0,streaming,AT&T,Europe,Web,APP_SIDE
76.55,0.31,4.94,24.14,30.69,1.34,0,15000,2160,192.76,56.06,42.96,4.23,86.95,0,searching,Verizon,North America,iOS,ISP_SIDE
142.97,0.47,2.13,23.43,35.96,3.47,0,3000,1080,177.01,109.52,42.97,1.81,103.92,1,searching,Airtel,South America,Web,APP_SIDE
56.25,2.14,12.09,22.91,29.12,1.46,3,3000,1080,115.51,44.69,69.46,0.15,124.59,0,streaming,T-Mobile,Europe,Web,ISP_SIDE
38.1,0.55,5.88,52.49,40.26,8.05,2,5000,1080,230.94,54.3,56.68,2.2,131.85,0,browsing,Verizon,Asia-Pacific,Web,ISP_SIDE
40.29,2.26,8.68,71.24,45.56,1.02,1,8000,1080,188.02,61.76,66.52,1.12,137.02,0,streaming,T-Mobile,North America,iOS,ISP_SIDE
93.46,1.41,11.97,43.59,33.6,0.68,1,15000,2160,184.64,50.23,59.87,0.73,163.45,0,browsing,Verizon,Europe,Web,APP_SIDE
32.99,3.58,18.37,78.88,43.15,1.34,3,3000,720,150.52,95.81,63.53,0.59,146.22,0,streaming,AT&T,North America,Android,APP_SIDE
108.83,2.37,16.86,22.92,17.15,1.61,1,3000,720,204.51,61.93,73.41,1.2,56.71,0,streaming,Vodafone,North America,iOS,APP_SIDE
88.94,1.39,5.38,23.9,26.26,0.59,2,5000,1080,118.64,73.77,64.14,1.16,115.86,1,searching,AT&T,North America,iOS,ISP_SIDE
93.9,1.96,13.04,61.81,19.62,1.96,3,8000,720,132.88,17.76,56.79,1.97,170.53,0,browsing,Comcast,North America,Android,ISP_SIDE
153.54,1.72,23.08,32.47,15.55,1.18,2,3000,720,259.83,73.18,57.48,1.37,123.16,1,searching,AT&T,Asia-Pacific,Web,APP_SIDE
83.64,0.58,24.86,7.7,23.96,0.42,0,15000,2160,300.31,74.07,66.85,1.89,121.86,1,browsing,Verizon,North America,SmartTV,ISP_SIDE
138.86,0.57,17.71,44.04,29.76,0.49,1,8000,720,260.67,61.06,76.87,0.75,138.96,1,searching,Verizon,Asia-Pacific,SmartTV,APP_SIDE
76.52,3.12,20.88,37.98,26.42,1.55,0,3000,720,189.92,74.95,48.4,1.14,75.7,0,searching,T-Mobile,Asia-Pacific,iOS,APP_SIDE
81.72,1.86,23.53,56.92,21.44,1.47,1,15000,2160,126.52,43.63,49.76,2.65,122.93,0,searching,T-Mobile,North America,iOS,APP_SIDE
115.19,0.52,12.04,28.23,23.77,0.45,1,8000,720,208.93,92.18,41.39,2.91,162.11,0,searching,AT&T,South America,SmartTV,APP_SIDE
47.09,4.65,10.86,39.47,27.14,3.28,2,5000,720,201.56,33.15,60.43,0.7,101.63,0,browsing,Comcast,South America,SmartTV,ISP_SIDE
94.05,0.99,8.22,46.65,32.19,2.65,1,8000,1080,180.51,65.43,60.42,0.94,98.38,1,searching,AT&T,Asia-Pacific,Web,APP_SIDE
111.95,2.4,11.36,22.45,42.08,0.87,3,3000,1080,248.65,82.62,58.04,3.44,104.75,1,browsing,AT&T,Europe,Web,APP_SIDE
73.32,4.74,5.09,-7.48,40.24,1.89,1,15000,2160,224.21,49.03,71.75,5.0,105.57,1,browsing,Vodafone,South America,SmartTV,ISP_SIDE
102.11,1.17,6.78,39.82,26.78,2.59,1,8000,720,146.23,96.41,66.09,1.14,80.86,1,searching,Airtel,Europe,Web,APP_SIDE
54.38,0.91,8.16,36.21,24.96,0.98,0,3000,1080,250.85,56.05,39.99,0.94,125.88,0,streaming,Vodafone,Europe,SmartTV,APP_SIDE
113.8,0.81,23.72,0.41,32.87,0.9,1,5000,720,209.94,57.08,63.03,1.72,97.03,1,streaming,Vodafone,South America,iOS,ISP_SIDE
56.07,4.41,24.35,41.84,38.85,7.14,0,5000,1080,130.2,50.08,49.23,1.42,157.45,0,streaming,Verizon,Asia-Pacific,SmartTV,ISP_SIDE
72.34,4.56,15.17,47.32,50.67,2.46,1,5000,720,150.64,-2.65,58.22,0.32,130.86,0,searching,Verizon,Asia-Pacific,iOS,APP_SIDE
70.58,0.75,13.03,34.6,14.45,4.33,1,3000,1080,128.68,30.12,42.98,1.51,145.74,0,browsing,T-Mobile,North America,Web,APP_SIDE
129.98,1.1,5.1,51.77,34.43,3.46,2,8000,1080,37.19,87.23,75.65,4.1,155.86,0,searching,Vodafone,South America,iOS,ISP_SIDE
120.65,2.77,11.17,37.01,28.5,0.29,0,8000,720,151.59,63.32,69.35,1.78,112.02,1,streaming,Verizon,South America,Web,APP_SIDE
93.51,2.19,12.53,55.18,16.04,1.29,1,8000,720,143.45,64.16,50.04,0.62,161.9,0,browsing,Airtel,South America,Android,ISP_SIDE
108.33,1.04,13.96,36.48,31.54,2.76,3,3000,720,213.38,37.09,61.1,1.01,208.19,0,streaming,T-Mobile,Asia-Pacific,SmartTV,APP_SIDE
82.81,1.63,5.53,19.18,23.16,1.39,2,3000,720,105.82,85.06,55.21,1.8,68.74,1,browsing,Comcast,North America,Web,APP_SIDE
104.12,1.67,18.43,59.62,31.12,1.78,2,5000,1080,218.56,51.16,78.52,2.57,124.37,0,streaming,Airtel,South America,Android,ISP_SIDE
70.77,3.34,18.27,56.99,24.83,2.91,2,5000,720,165.77,60.34,72.78,1.53,107.39,0,browsing,Comcast,South America,Web,APP_SIDE
145.26,1.79,12.1,14.29,30.23,2.01,0,8000,720,180.25,87.88,59.61,2.05,109.42,1,searching,T-Mobile,South America,SmartTV,APP_SIDE
97.05,1.82,9.21,16.84,36.35,1.6,2,3000,1080,160.67,58.44,46.74,0.55,95.39,0,streaming,T-Mobile,South America,Android,ISP_SIDE
115.72,4.81,17.61,34.88,35.69,3.07,2,8000,1080,243.22,86.35,49.57,0.8,116.04,1,streaming,Comcast,Asia-Pacific,Web,APP_SIDE
81.95,1.37,16.85,41.8,21.57,0.5,1,5000,720,186.53,45.55,67.36,0.57,146.57,0,streaming,Verizon,South America,SmartTV,ISP_SIDE
112.91,1.09,20.0,24.78,19.15,2.22,1,15000,2160,149.66,63.02,71.74,1.14,204.4,1,searching,Vodafone,Asia-Pacific,iOS,APP_SIDE
85.52,0.95,2.01,53.09,29.2,0.45,1,3000,1080,210.07,87.44,44.87,1.29,78.48,0,browsing,T-Mobile,Europe,Web,APP_SIDE
96.5,2.65,14.05,8.15,22.87,2.12,0,3000,720,192.42,75.33,63.66,1.06,114.18,1,streaming,Vodafone,South America,Android,ISP_SIDE
72.83,4.31,6.5,34.71,39.8,0.13,2,8000,1080,168.64,82.96,53.48,1.34,89.93,0,browsing,Verizon,South America,SmartTV,ISP_SIDE
95.46,0.72,12.8,18.9,28.98,1.3,3,8000,1080,199.73,65.17,39.13,1.03,69.17,1,streaming,AT&T,Europe,Web,ISP_SIDE
100.63,1.9,21.44,48.94,26.06,2.82,3,5000,720,233.67,51.14,68.76,2.63,122.1,0,streaming,Vodafone,Asia-Pacific,SmartTV,APP_SIDE
129.59,1.3,15.59,11.24,26.25,2.0,0,5000,1080,158.88,63.01,47.4,3.03,151.39,1,searching,T-Mobile,Asia-Pacific,Web,APP_SIDE
68.56,2.54,24.25,59.85,25.64,5.57,0,5000,720,136.13,45.21,50.22,1.04,104.22,0,streaming,Verizon,Asia-Pacific,Web,APP_SIDE
26.7,1.14,21.41,83.92,27.06,1.27,0,8000,720,133.19,70.12,63.37,1.04,114.41,0,searching,Verizon,Asia-Pacific,iOS,ISP_SIDE
95.69,1.73,22.59,25.22,33.6,2.53,2,3000,1080,197.68,60.47,57.5,3.65,153.27,0,browsing,AT&T,Asia-Pacific,iOS,APP_SIDE
56.79,1.53,15.68,50.02,26.38,4.98,1,8000,720,239.94,57.5,56.08,0.71,107.36,1,searching,Verizon,South America,Android,APP_SIDE
49.86,2.35,5.43,44.4,22.29,2.47,0,3000,1080,102.83,35.16,61.28,0.66,86.1,0,streaming,Vodafone,Asia-Pacific,Web,ISP_SIDE
99.09,0.96,15.33,12.25,36.42,2.37,2,5000,1080,151.39,89.77,69.31,1.31,107.47,1,browsing,Airtel,Asia-Pacific,iOS,APP_SIDE
70.5,0.94,6.95,40.26,37.87,2.61,3,15000,2160,239.98,81.71,67.89,3.47,64.81,0,browsing,AT&T,North America,iOS,ISP_SIDE
74.12,1.16,20.09,51.79,30.63,3.64,4,5000,720,175.93,70.51,63.42,2.72,148.12,0,browsing,Comcast,North America,SmartTV,APP_SIDE
101.63,2.18,15.85,50.73,33.22,1.98,0,3000,1080,167.95,57.95,40.55,2.14,77.38,1,browsing,Airtel,North America,Web,ISP_SIDE
107.47,1.91,11.06,44.98,34.91,3.53,1,5000,720,62.43,77.0,62.11,1.35,160.7,1,browsing,Verizon,North America,Android,ISP_SIDE
48.23,0.57,18.57,38.84,23.08,2.02,1,5000,1080,184.21,48.91,71.5,2.61,48.59,0,browsing,Verizon,South America,Web,APP_SIDE
51.77,4.31,8.65,58.28,34.1,2.69,2,15000,2160,202.97,72.49,68.1,1.42,111.27,0,browsing,Verizon,North America,SmartTV,ISP_SIDE
57.86,1.54,2.51,59.02,28.76,2.28,1,15000,2160,278.19,62.49,48.55,2.09,55.27,0,streaming,Vodafone,Europe,Web,ISP_SIDE
82.35,4.24,21.52,43.48,24.52,1.16,1,8000,720,219.39,70.05,54.31,2.29,137.72,1,browsing,AT&T,Europe,SmartTV,APP_SIDE
46.98,2.89,23.69,75.72,30.12,2.96,2,3000,1080,234.39,79.49,41.68,2.11,78.68,0,browsing,AT&T,Asia-Pacific,Web,ISP_SIDE
107.59,1.17,21.98,18.98,39.38,1.21,1,3000,1080,225.47,56.63,56.35,2.2,60.94,1,browsing,Vodafone,South America,Web,ISP_SIDE
81.3,1.23,11.41,34.46,36.96,1.91,0,5000,1080,146.21,73.0,81.57,1.18,85.4,1,browsing,Comcast,Asia-Pacific,iOS,APP_SIDE
43.61,1.88,21.49,35.34,21.52,2.76,3,3000,1080,109.93,42.26,47.94,0.6,84.57,0,streaming,Verizon,South America,iOS,APP_SIDE
94.39,0.66,14.58,31.16,25.84,0.78,2,5000,720,159.35,70.92,71.67,1.26,97.63,1,searching,T-Mobile,South America,iOS,ISP_SIDE
63.97,1.79,10.48,48.26,32.78,1.84,1,3000,1080,156.0,59.31,73.89,1.23,113.42,0,searching,T-Mobile,North America,SmartTV,ISP_SIDE
70.04,1.15,20.2,61.16,28.59,2.56,1,8000,1080,212.69,28.98,45.73,0.25,36.53,0,streaming,Verizon,Europe,iOS,APP_SIDE
65.83,4.39,23.0,43.42,35.1,2.51,3,8000,720,308.91,39.52,60.45,0.6,122.86,0,searching,Airtel,South America,SmartTV,ISP_SIDE
36.85,2.26,24.92,62.72,37.39,2.43,2,5000,1080,305.67,74.43,43.09,0.32,66.56,1,streaming,AT&T,Asia-Pacific,iOS,ISP_SIDE
96.22,3.47,7.16,18.13,22.69,5.62,0,8000,1080,212.82,57.11,50.12,2.57,69.34,1,browsing,T-Mobile,North America,Android,APP_SIDE
54.95,1.92,3.32,50.0,38.88,2.18,0,5000,1080,217.25,39.73,73.73,0.35,88.61,0,browsing,AT&T,North America,Android,ISP_SIDE
91.09,3.41,8.81,52.34,16.33,3.01,1,3000,1080,248.25,46.15,47.68,1.34,102.96,0,browsing,AT&T,South America,Web,ISP_SIDE
-9.18,1.45,14.81,65.99,38.81,2.25,1,5000,1080,147.91,87.8,49.38,1.83,64.96,0,streaming,T-Mobile,North America,Android,APP_SIDE
60.26,2.48,21.74,31.57,30.27,0.76,0,3000,1080,235.13,73.24,63.41,1.76,26.45,1,streaming,T-Mobile,Asia-Pacific,iOS,APP_SIDE
93.61,0.71,23.19,34.56,22.73,0.69,2,5000,720,136.16,86.26,54.95,0.57,109.25,1,searching,Comcast,Asia-Pacific,Web,APP_SIDE
69.56,1.22,12.79,5.72,41.7,2.77,1,3000,720,177.29,51.0,77.18,1.65,82.97,0,streaming,Vodafone,North America,iOS,ISP_SIDE
137.16,0.57,21.12,43.96,33.52,2.29,0,8000,720,263.4,44.75,56.93,1.51,141.07,0,streaming,Comcast,Europe,Web,APP_SIDE
5.47,0.76,22.02,72.53,28.36,0.45,2,3000,720,177.89,35.24,59.52,3.02,96.08,0,browsing,T-Mobile,North America,iOS,APP_SIDE
100.48,1.98,9.83,14.92,40.71,0.94,0,3000,1080,138.77,78.12,59.32,0.47,79.42,1,streaming,AT&T,North America,iOS,APP_SIDE
87.01,1.65,19.49,20.62,32.12,4.81,0,5000,1080,75.26,72.4,71.51,0.7,138.83,1,browsing,AT&T,Asia-Pacific,Web,APP_SIDE
85.01,0.97,21.09,15.41,27.37,3.0,0,3000,1080,115.41,71.08,53.31,0.26,115.4,1,browsing,Airtel,North America,SmartTV,APP_SIDE
105.69,2.02,17.59,53.63,25.58,2.64,1,5000,1080,140.53,54.46,69.22,0.17,98.82,1,streaming,Comcast,Europe,iOS,APP_SIDE
63.03,2.03,13.78,22.95,35.84,4.42,0,5000,720,61.74,70.37,62.98,2.8,131.13,1,browsing,Airtel,Asia-Pacific,Web,ISP_SIDE
58.58,1.78,15.92,33.37,17.6,9.23,0,8000,720,261.74,51.06,76.06,2.38,147.78,0,streaming,Verizon,Asia-Pacific,iOS,APP_SIDE
111.82,0.6,21.37,28.56,33.09,2.58,1,3000,720,249.5,78.8,43.5,0.92,149.1,1,browsing,Vodafone,South America,iOS,ISP_SIDE
123.27,1.44,11.49,58.77,18.88,1.25,0,8000,1080,234.47,39.64,52.7,1.29,107.59,0,streaming,Verizon,Europe,iOS,ISP_SIDE
33.28,1.72,2.2,49.01,28.63,2.86,3,3000,1080,147.79,62.56,74.21,1.91,46.2,0,streaming,Verizon,North America,Android,APP_SIDE
75.17,1.69,22.24,41.64,20.99,2.03,0,15000,2160,149.6,42.15,44.35,0.58,131.83,0,searching,AT&T,Asia-Pacific,SmartTV,ISP_SIDE
88.15,0.97,11.76,39.57,28.78,4.71,3,3000,1080,218.41,62.59,51.51,0.74,85.61,0,searching,T-Mobile,Asia-Pacific,iOS,ISP_SIDE
106.22,0.31,19.04,61.14,25.89,2.6,1,8000,720,191.16,31.62,62.72,0.09,83.25,0,searching,Comcast,Europe,Web,APP_SIDE
54.76,0.61,19.24,41.16,23.95,1.06,0,8000,720,173.47,31.07,51.46,0.39,47.11,0,browsing,AT&T,South America,Web,APP_SIDE
80.53,2.14,5.31,33.48,43.08,2.4,3,5000,720,227.71,93.08,63.25,0.66,135.64,1,streaming,Airtel,Europe,iOS,APP_SIDE
87.0,1.48,9.12,27.37,22.94,2.19,0,3000,1080,260.3,88.47,70.93,4.83,117.95,1,browsing,Comcast,Asia-Pacific,Web,ISP_SIDE
75.85,1.94,4.68,10.42,30.66,1.6,1,8000,720,30.12,45.42,54.34,0.89,164.29,0,browsing,Airtel,North America,Web,ISP_SIDE
78.65,3.02,11.16,44.28,23.89,4.93,1,5000,720,164.16,71.94,65.99,1.24,152.72,1,streaming,Verizon,Europe,Android,APP_SIDE
116.61,2.18,23.54,41.07,22.39,0.46,0,3000,1080,153.0,60.64,59.74,0.51,77.94,0,browsing,Airtel,South America,SmartTV,ISP_SIDE
63.06,3.5,18.37,35.23,23.64,4.01,0,3000,720,153.66,55.03,67.85,4.48,126.84,0,browsing,Vodafone,Asia-Pacific,iOS,APP_SIDE
93.17,2.59,23.44,52.62,32.72,7.69,2,5000,720,100.17,72.47,57.62,2.5,41.72,0,browsing,T-Mobile,North America,Android,APP_SIDE
96.65,2.21,15.95,35.51,33.12,2.88,3,15000,2160,169.82,69.0,62.82,4.76,52.28,1,streaming,Verizon,Europe,Android,APP_SIDE
67.97,2.52,12.86,46.94,26.73,1.24,1,8000,1080,43.53,68.25,69.72,2.6,132.25,0,browsing,T-Mobile,South America,iOS,ISP_SIDE
88.87,2.57,7.74,61.7,28.93,4.35,0,8000,720,213.17,67.14,50.36,0.73,137.39,0,streaming,Vodafone,Asia-Pacific,SmartTV,ISP_SIDE
99.64,2.24,24.29,55.82,22.32,1.98,0,5000,720,266.87,72.2,76.62,0.95,93.78,0,searching,Comcast,North America,SmartTV,ISP_SIDE
55.73,3.49,14.03,39.29,35.94,4.36,2,15000,2160,157.24,38.88,61.07,0.8,147.74,0,searching,AT&T,Asia-Pacific,Web,ISP_SIDE
59.63,2.59,21.34,35.72,30.7,0.98,1,15000,2160,61.0,74.3,60.08,2.58,137.63,1,streaming,Verizon,Europe,iOS,ISP_SIDE
43.2,2.76,22.6,25.6,32.87,4.71,2,3000,1080,171.28,51.33,52.63,1.55,112.0,0,searching,T-Mobile,South America,Web,ISP_SIDE
105.29,4.6,6.71,35.0,25.27,3.6,0,3000,1080,221.9,60.01,56.28,0.68,109.51,0,browsing,T-Mobile,South America,Android,ISP_SIDE
75.41,3.66,18.4,22.75,28.29,1.72,1,8000,1080,279.33,55.0,62.31,0.68,82.52,0,browsing,Comcast,North America,Android,ISP_SIDE
62.26,1.66,19.03,44.88,46.41,1.13,2,8000,720,162.44,65.22,72.63,5.48,145.06,0,streaming,Vodafone,South America,iOS,APP_SIDE
89.14,1.06,8.3,29.73,35.99,2.84,1,5000,1080,103.31,58.04,54.96,2.8,159.46,0,streaming,Vodafone,Europe,Web,ISP_SIDE
109.16,1.67,8.7,15.23,34.8,0.71,0,5000,1080,240.44,64.07,48.58,2.26,108.08,1,streaming,T-Mobile,Europe,Web,APP_SIDE
70.68,1.79,13.25,41.6,28.52,1.63,1,5000,720,123.25,53.52,53.63,1.04,65.16,0,streaming,T-Mobile,Europe,Web,APP_SIDE
75.37,0.69,5.51,35.77,38.06,1.39,1,8000,720,99.68,70.7,77.08,5.44,89.97,1,browsing,AT&T,North America,SmartTV,APP_SIDE
74.43,2.96,7.1,59.0,23.33,1.06,0,3000,1080,115.59,43.07,64.02,2.73,168.18,0,streaming,Airtel,North America,iOS,ISP_SIDE
72.46,0.86,13.72,19.15,11.04,2.67,2,15000,2160,66.5,70.02,39.88,2.9,116.68,1,searching,Comcast,North America,SmartTV,APP_SIDE
57.37,1.69,24.72,9.11,34.34,2.7,0,5000,1080,176.19,55.91,72.54,3.21,76.21,0,searching,Comcast,Asia-Pacific,SmartTV,APP_SIDE
75.18,2.22,22.91,40.02,19.35,5.81,2,5000,1080,213.97,40.62,57.4,0.1,98.28,0,searching,AT&T,Europe,Web,ISP_SIDE
62.06,2.76,24.98,43.99,32.63,0.14,0,3000,1080,77.27,52.65,51.94,3.48,133.76,0,streaming,T-Mobile,North America,Web,APP_SIDE
112.48,2.53,12.94,52.18,56.14,1.84,0,5000,1080,171.42,75.85,61.79,0.83,83.6,1,searching,T-Mobile,South America,Web,ISP_SIDE
57.52,1.25,13.47,37.78,37.61,7.62,1,15000,2160,160.17,57.19,52.68,2.66,89.63,0,streaming,Verizon,South America,SmartTV,APP_SIDE
56.59,4.08,6.37,55.43,29.66,1.45,0,8000,1080,264.3,78.79,73.5,0.14,60.11,0,streaming,Vodafone,Asia-Pacific,iOS,APP_SIDE
85.4,0.15,18.32,56.64,37.62,1.3,3,3000,1080,181.33,86.57,57.33,0.19,134.13,0,streaming,Comcast,North America,iOS,ISP_SIDE
103.66,1.9,19.37,51.84,47.2,2.4,0,3000,1080,262.59,76.51,67.12,1.7,23.79,1,searching,T-Mobile,South America,SmartTV,APP_SIDE
48.88,1.67,4.74,68.71,30.63,5.96,0,3000,1080,208.3,32.99,71.16,3.25,123.82,0,browsing,T-Mobile,Asia-Pacific,Android,APP_SIDE
103.03,0.44,2.75,51.3,31.7,2.4,1,8000,720,160.92,34.98,46.6,1.72,129.94,0,streaming,Airtel,Asia-Pacific,Web,APP_SIDE
77.94,1.45,7.04,44.05,25.53,2.93,1,8000,720,100.01,81.8,68.95,1.83,138.32,0,streaming,AT&T,Asia-Pacific,Android,APP_SIDE
38.81,2.31,13.08,68.7,33.25,4.07,0,8000,720,165.76,78.73,82.12,2.07,142.87,0,browsing,Vodafone,Asia-Pacific,Web,APP_SIDE
64.87,1.0,3.56,62.06,33.71,3.17,2,3000,720,183.07,61.82,52.47,0.99,152.15,0,streaming,Comcast,South America,Android,APP_SIDE
86.93,4.98,18.7,38.53,29.48,0.98,1,8000,1080,222.61,66.87,56.09,0.24,46.96,1,browsing,AT&T,Europe,iOS,APP_SIDE
92.55,1.76,12.8,32.71,29.89,1.4,3,5000,720,205.5,74.57,50.66,1.58,149.68,1,streaming,AT&T,Asia-Pacific,Android,APP_SIDE
74.99,2.72,11.11,64.0,21.98,0.92,1,5000,1080,129.86,45.13,62.28,0.59,65.22,0,streaming,AT&T,South America,Android,APP_SIDE
12.43,2.49,13.64,56.7,24.26,2.19,0,5000,720,169.76,32.87,64.93,0.24,119.1,0,streaming,Vodafone,Asia-Pacific,SmartTV,APP_SIDE
111.95,3.84,5.78,41.67,24.56,3.28,0,3000,720,222.25,70.37,71.04,2.83,145.96,0,streaming,Comcast,Asia-Pacific,iOS,ISP_SIDE
65.12,1.03,9.42,64.14,39.05,1.04,1,3000,1080,129.72,45.79,48.46,0.54,102.54,0,searching,Vodafone,Europe,SmartTV,APP_SIDE
60.64,1.24,17.89,46.9,36.22,1.7,1,5000,1080,217.3,35.02,43.86,2.85,132.43,0,searching,AT&T,South America,Web,APP_SIDE
72.51,3.93,13.12,49.34,33.71,1.25,2,5000,720,271.69,48.66,51.71,1.3,150.48,0,streaming,AT&T,Europe,iOS,ISP_SIDE
141.63,1.86,19.25,42.23,35.91,1.65,0,15000,2160,227.75,61.67,75.37,1.41,94.91,1,streaming,Airtel,Europe,Android,ISP_SIDE
91.04,3.46,19.94,37.83,26.04,1.6,0,3000,720,255.58,70.76,48.4,4.17,110.66,1,searching,Comcast,North America,Web,APP_SIDE
93.38,1.88,14.27,42.91,24.58,2.11,1,8000,720,127.18,48.65,77.98,0.5,112.63,0,streaming,Airtel,Asia-Pacific,iOS,APP_SIDE
78.5,0.5,10.48,48.64,37.41,0.12,2,8000,720,142.16,49.28,52.68,0.55,110.65,0,searching,Airtel,South America,Web,APP_SIDE
69.16,3.4,7.5,29.11,38.36,0.68,0,3000,720,206.19,88.66,60.96,2.25,67.13,1,searching,Comcast,North America,SmartTV,APP_SIDE
87.32,1.05,24.3,26.44,40.24,1.28,2,5000,720,275.61,66.86,59.15,0.16,104.92,1,streaming,T-Mobile,Asia-Pacific,Android,ISP_SIDE
60.89,4.6,5.34,46.29,27.38,1.85,1,8000,1080,63.84,52.77,57.9,1.61,75.94,0,browsing,Comcast,Asia-Pacific,Android,APP_SIDE
62.88,1.18,17.03,38.7,23.36,0.44,1,3000,720,123.26,50.4,69.34,2.79,95.08,0,searching,AT&T,North America,SmartTV,APP_SIDE
86.86,0.55,12.21,34.64,22.92,1.77,1,5000,1080,186.72,48.85,50.99,2.39,136.32,0,searching,Verizon,Europe,Web,APP_SIDE
113.11,3.22,9.63,14.58,28.97,3.3,0,3000,1080,130.57,88.0,63.53,3.29,93.52,1,browsing,Comcast,South America,SmartTV,ISP_SIDE
87.43,0.96,8.32,51.43,41.2,0.5,6,3000,720,165.4,58.84,62.37,0.92,65.67,0,searching,Verizon,Europe,Android,ISP_SIDE
96.09,0.9,19.01,32.72,22.49,0.12,2,8000,720,120.43,71.63,42.08,1.29,129.99,1,streaming,AT&T,North America,Android,ISP_SIDE
41.83,3.5,14.31,78.15,35.66,0.53,1,15000,2160,193.99,58.8,63.48,5.17,186.71,0,browsing,T-Mobile,South America,Web,APP_SIDE
55.56,5.02,21.83,67.74,43.48,0.28,2,15000,2160,125.61,54.22,57.88,1.02,145.76,0,streaming,AT&T,South America,SmartTV,ISP_SIDE
107.84,1.06,19.4,18.71,36.51,1.8,1,5000,1080,116.15,87.23,50.51,1.05,19.15,1,streaming,Airtel,South America,Android,APP_SIDE
68.95,2.57,19.04,19.86,35.54,1.37,0,3000,720,196.22,25.77,61.93,1.05,94.1,0,browsing,T-Mobile,Asia-Pacific,iOS,APP_SIDE
106.63,2.52,17.38,52.84,25.38,5.49,1,3000,1080,54.48,72.99,63.9,1.04,114.65,1,searching,Vodafone,Asia-Pacific,Android,APP_SIDE
88.23,1.71,14.86,29.56,36.9,5.03,0,8000,1080,175.78,69.17,58.26,0.6,47.72,1,streaming,Vodafone,South America,Web,APP_SIDE
102.72,1.44,16.04,45.44,27.64,3.14,1,3000,1080,267.51,44.51,67.45,1.21,173.76,0,streaming,Comcast,South America,iOS,APP_SIDE
33.23,1.41,3.4,48.16,26.86,1.47,0,15000,2160,144.8,56.72,81.19,2.39,63.66,0,searching,Verizon,South America,Web,APP_SIDE
70.5,0.32,20.62,20.29,20.25,3.47,1,5000,720,160.28,93.23,36.23,1.59,146.62,1,searching,Vodafone,Europe,Android,APP_SIDE
67.86,2.14,4.29,42.3,38.02,1.13,0,5000,1080,252.52,78.64,58.4,0.35,109.44,0,browsing,Comcast,Asia-Pacific,Web,ISP_SIDE
49.78,2.85,13.74,30.95,40.26,1.96,2,3000,720,167.62,45.23,54.91,1.55,138.44,0,searching,Airtel,South America,Web,APP_SIDE
99.94,2.07,15.76,32.38,27.7,3.83,1,5000,1080,201.0,72.6,74.92,3.36,70.61,1,browsing,Vodafone,Europe,iOS,ISP_SIDE
60.43,0.49,6.73,76.84,24.28,2.98,1,3000,720,195.2,46.85,80.6,0.65,171.51,0,browsing,Vodafone,Europe,Web,ISP_SIDE
105.5,2.11,15.79,29.83,37.05,3.1,1,8000,720,241.55,60.86,56.02,0.6,133.43,1,browsing,AT&T,Europe,iOS,ISP_SIDE
48.63,1.97,8.26,60.51,42.84,3.07,1,8000,1080,174.59,59.71,57.48,0.52,82.95,0,browsing,Verizon,Asia-Pacific,Web,APP_SIDE
57.55,2.89,15.52,54.03,25.81,1.02,1,8000,1080,213.15,46.62,62.8,1.54,141.84,0,browsing,Vodafone,North America,SmartTV,APP_SIDE
88.26,1.25,14.08,25.69,23.89,4.31,0,8000,1080,251.22,34.25,73.98,2.75,118.09,0,streaming,AT&T,Asia-Pacific,Web,ISP_SIDE
121.45,0.81,8.32,49.61,22.49,2.96,1,15000,2160,162.39,62.49,41.61,0.86,100.49,1,browsing,Vodafone,North America,SmartTV,ISP_SIDE
23.79,4.0,9.81,35.06,30.53,2.05,0,3000,1080,233.93,56.7,38.52,1.01,118.9,0,browsing,Comcast,Europe,SmartTV,APP_SIDE
149.46,1.16,10.98,23.81,41.44,3.44,1,8000,1080,118.25,58.78,63.91,0.36,92.68,1,searching,AT&T,North America,SmartTV,APP_SIDE
84.34,1.35,8.51,61.88,37.74,4.01,1,15000,2160,88.95,71.15,66.24,0.9,115.27,0,streaming,AT&T,North America,SmartTV,APP_SIDE
90.18,2.93,13.24,36.82,20.03,1.33,1,5000,1080,155.58,80.66,55.48,0.34,28.97,1,browsing,AT&T,South America,Web,APP_SIDE
121.61,1.78,4.55,23.98,24.69,4.96,1,8000,1080,142.43,72.46,71.28,0.83,120.39,0,browsing,Vodafone,Asia-Pacific,SmartTV,APP_SIDE
43.53,2.7,20.85,12.92,37.26,2.72,3,8000,1080,287.75,43.02,69.71,0.31,58.5,0,browsing,Comcast,Asia-Pacific,Android,ISP_SIDE
25.02,2.34,6.56,62.08,35.49,2.59,0,3000,1080,57.31,66.25,65.07,0.59,145.06,0,searching,Verizon,South America,iOS,APP_SIDE
77.19,0.99,21.74,78.0,36.81,2.6,2,3000,720,174.4,64.58,54.34,2.63,127.46,0,streaming,Verizon,Asia-Pacific,Android,APP_SIDE
17.63,2.12,11.32,64.18,40.24,0.77,2,8000,720,276.27,38.1,68.89,1.69,154.96,0,searching,AT&T,Asia-Pacific,iOS,APP_SIDE
84.65,3.82,5.26,20.65,26.52,10.43,2,5000,1080,275.85,100.8,59.45,1.93,161.24,1,streaming,Vodafone,South America,Android,APP_SIDE
68.7,1.17,16.83,57.55,27.17,3.08,1,8000,720,180.06,41.82,69.35,1.0,130.56,0,searching,Vodafone,South America,Android,APP_SIDE
73.04,1.15,23.29,43.5,35.32,3.71,0,5000,720,172.92,55.2,62.17,1.28,59.49,1,browsing,T-Mobile,North America,Android,APP_SIDE
111.31,3.91,22.63,53.0,22.4,0.78,1,8000,1080,195.14,92.24,79.63,2.92,132.97,1,browsing,Vodafone,Europe,iOS,APP_SIDE
101.68,6.49,6.13,22.17,21.24,4.18,0,8000,1080,88.11,63.61,43.23,3.62,85.46,0,streaming,T-Mobile,Europe,Web,ISP_SIDE
87.67,1.66,2.7,41.54,26.6,2.21,2,5000,720,221.85,62.68,67.09,2.19,42.63,0,streaming,T-Mobile,North America,Web,ISP_SIDE
64.13,2.84,6.58,31.57,27.75,7.34,2,15000,2160,262.82,64.56,69.64,2.13,97.4,0,browsing,AT&T,Europe,SmartTV,ISP_SIDE
86.42,1.03,2.25,57.12,28.69,1.41,1,8000,1080,198.6,82.2,73.35,1.71,137.02,1,browsing,Vodafone,Asia-Pacific,SmartTV,ISP_SIDE
12.88,1.49,16.32,53.73,26.58,3.33,1,3000,720,136.22,61.14,73.64,2.08,93.53,0,browsing,AT&T,North America,iOS,APP_SIDE
96.08,2.03,13.77,18.6,39.77,1.66,3,5000,720,187.37,90.86,85.88,1.04,130.05,1,browsing,Verizon,Europe,Android,APP_SIDE
100.06,2.07,24.43,26.69,34.88,2.21,3,5000,1080,171.18,82.2,53.9,0.16,92.32,1,searching,Comcast,North America,iOS,APP_SIDE
63.14,2.12,23.03,52.26,25.94,0.9,2,8000,720,42.05,56.11,58.0,0.49,88.01,0,searching,Comcast,Europe,Android,APP_SIDE
36.49,1.33,4.38,60.0,46.93,5.01,4,15000,2160,74.58,59.32,57.13,0.55,28.1,0,searching,T-Mobile,North America,Android,ISP_SIDE
24.56,2.74,9.48,46.71,21.92,0.33,2,5000,720,225.3,81.45,48.37,0.87,132.32,0,streaming,T-Mobile,Europe,Android,APP_SIDE
85.09,2.83,20.01,45.11,21.75,1.1,1,5000,1080,225.02,50.88,73.53,2.05,88.15,0,searching,Verizon,Europe,Android,ISP_SIDE
110.77,0.97,18.19,16.02,36.86,0.74,0,15000,2160,103.61,51.12,57.6,2.77,92.09,1,searching,Airtel,South America,Android,APP_SIDE
86.73,1.44,18.02,70.35,23.5,2.99,2,5000,720,183.52,66.45,49.61,1.77,164.91,0,streaming,T-Mobile,South America,SmartTV,APP_SIDE
71.28,0.63,7.34,64.36,21.05,1.93,1,3000,1080,139.98,90.44,53.44,0.61,142.43,0,browsing,T-Mobile,South America,SmartTV,APP_SIDE
13.36,4.16,21.0,18.0,20.27,3.8,0,5000,1080,200.38,64.51,65.69,0.39,112.37,0,searching,AT&T,North America,iOS,ISP_SIDE
39.44,0.63,5.05,20.11,27.91,2.07,0,15000,2160,121.74,78.1,67.01,1.4,115.71,1,searching,Comcast,South America,Web,APP_SIDE
46.9,0.47,21.88,38.66,33.91,2.32,2,5000,720,286.06,70.85,73.07,0.98,99.51,0,browsing,Verizon,North America,iOS,ISP_SIDE
72.88,1.4,7.28,45.96,33.22,0.67,4,8000,720,148.05,30.52,67.58,1.56,140.98,0,browsing,AT&T,Europe,Web,ISP_SIDE
41.74,1.16,14.63,45.75,27.77,8.16,2,3000,1080,175.51,48.67,41.0,1.04,83.14,0,browsing,T-Mobile,Europe,Android,APP_SIDE
52.01,0.89,14.01,34.59,41.85,2.68,0,8000,720,330.65,62.13,68.95,1.99,115.07,0,streaming,AT&T,South America,Web,APP_SIDE
66.53,2.73,5.4,51.57,44.03,5.67,0,8000,720,202.72,80.4,55.17,0.16,104.04,0,browsing,T-Mobile,North America,SmartTV,APP_SIDE
110.49,0.59,11.86,21.44,27.07,3.87,0,3000,720,186.15,60.34,41.98,1.45,118.71,0,streaming,Airtel,Europe,SmartTV,ISP_SIDE
54.83,1.12,5.88,53.83,35.74,1.86,2,5000,1080,202.71,56.66,48.04,0.83,111.75,0,browsing,T-Mobile,North America,Android,APP_SIDE
70.61,3.52,17.35,35.98,32.13,1.77,0,8000,1080,173.61,61.67,45.48,4.2,76.23,1,searching,AT&T,North America,iOS,APP_SIDE
67.04,2.85,10.58,20.6,31.44,7.19,0,8000,720,141.46,45.08,53.24,0.54,83.88,0,searching,Airtel,South America,SmartTV,ISP_SIDE
79.32,4.48,11.65,49.87,28.92,4.97,1,3000,1080,168.59,53.92,74.65,3.67,111.8,0,searching,Verizon,North America,iOS,ISP_SIDE
94.9,2.39,15.46,34.45,31.93,1.4,1,8000,720,112.28,65.98,61.99,0.59,63.12,1,searching,AT&T,South America,SmartTV,ISP_SIDE
49.95,3.69,17.38,49.54,42.98,1.43,1,3000,720,48.75,58.78,63.59,1.45,140.49,0,streaming,AT&T,Asia-Pacific,SmartTV,ISP_SIDE
36.73,4.05,24.78,52.46,24.67,2.09,5,3000,1080,158.06,55.68,71.53,3.15,79.06,0,streaming,Verizon,Asia-Pacific,Android,APP_SIDE
83.45,0.37,10.22,61.21,17.86,2.74,2,8000,720,201.17,65.39,52.68,1.74,125.57,0,searching,Comcast,South America,Web,APP_SIDE
60.55,1.77,5.35,63.46,33.59,0.27,1,8000,720,191.54,40.41,55.37,0.11,81.88,0,streaming,Vodafone,Europe,SmartTV,ISP_SIDE
58.6,2.1,20.37,33.28,26.18,1.65,1,5000,720,128.0,50.74,61.71,0.52,77.16,0,browsing,Airtel,Europe,SmartTV,ISP_SIDE
46.63,1.55,13.65,53.52,38.97,1.03,0,5000,1080,195.33,30.7,60.71,0.09,133.36,0,searching,Airtel,Europe,iOS,APP_SIDE
57.91,0.25,19.57,53.1,32.36,2.55,2,3000,720,221.67,66.21,56.29,4.64,117.1,1,browsing,Verizon,South America,SmartTV,ISP_SIDE
89.45,0.65,24.16,81.11,46.52,1.87,0,15000,2160,170.62,70.35,62.57,0.2,124.52,0,streaming,Comcast,South America,Android,ISP_SIDE
104.46,0.78,22.98,46.96,26.4,0.64,1,15000,2160,116.34,72.46,49.0,0.25,135.32,1,streaming,Airtel,Europe,iOS,APP_SIDE
141.08,0.94,4.45,45.01,32.05,1.21,0,15000,2160,225.84,59.77,52.62,1.95,135.41,1,searching,Verizon,Europe,SmartTV,APP_SIDE
88.28,1.02,18.04,24.65,24.54,1.31,0,5000,1080,241.65,60.67,58.92,2.28,55.21,0,streaming,T-Mobile,Asia-Pacific,SmartTV,APP_SIDE
52.01,0.88,6.16,30.14,21.49,4.66,2,3000,720,283.31,60.69,68.89,0.64,171.29,0,browsing,T-Mobile,North America,SmartTV,APP_SIDE
71.73,1.71,16.24,69.79,38.45,2.96,0,5000,720,191.12,21.44,56.26,2.42,107.07,0,searching,Comcast,North America,SmartTV,APP_SIDE
45.13,0.94,8.63,71.06,29.92,0.73,3,8000,1080,87.58,39.19,71.85,1.2,73.06,0,searching,AT&T,North America,Web,ISP_SIDE
105.49,2.01,24.15,20.97,21.53,1.46,3,15000,2160,95.47,84.82,63.4,0.96,155.8,1,browsing,T-Mobile,Europe,SmartTV,ISP_SIDE
63.05,1.24,20.52,36.92,30.97,3.56,0,5000,720,79.84,68.55,69.16,2.07,125.39,1,browsing,T-Mobile,South America,iOS,APP_SIDE
73.66,0.12,8.83,39.06,33.2,2.42,3,15000,2160,115.51,51.44,52.96,1.44,110.88,0,streaming,Comcast,North America,SmartTV,APP_SIDE
54.47,1.78,13.03,34.13,36.36,1.91,0,5000,1080,161.08,35.64,62.07,3.94,74.39,0,streaming,Comcast,Europe,Web,APP_SIDE
26.53,0.33,9.64,49.99,41.73,1.33,1,8000,1080,145.78,60.22,58.45,0.57,76.04,0,searching,Vodafone,North America,iOS,APP_SIDE
110.89,0.56,22.23,37.09,31.36,1.41,2,5000,1080,176.7,68.71,59.3,2.56,179.93,1,streaming,Comcast,North America,SmartTV,ISP_SIDE
95.88,3.62,16.39,49.89,32.29,1.69,2,15000,2160,232.81,60.55,50.65,0.17,67.55,1,browsing,Vodafone,Europe,iOS,ISP_SIDE
65.73,4.25,16.99,42.02,41.57,1.68,0,5000,720,204.94,72.98,63.12,1.51,169.79,0,browsing,Vodafone,Asia-Pacific,Android,APP_SIDE
90.12,0.41,14.42,13.72,6.81,4.44,1,5000,1080,166.35,60.98,69.07,0.15,84.68,0,browsing,Comcast,South America,SmartTV,ISP_SIDE
52.29,1.59,18.3,85.23,36.4,1.33,2,15000,2160,258.35,77.38,46.28,1.54,113.01,0,browsing,AT&T,Asia-Pacific,iOS,APP_SIDE
61.75,1.21,20.55,71.49,22.21,2.29,1,8000,1080,36.76,19.89,54.37,0.36,135.69,0,browsing,Verizon,South America,Web,APP_SIDE
85.27,2.0,14.04,34.04,28.82,2.62,3,8000,720,183.98,66.34,57.46,1.87,157.56,1,searching,Vodafone,South America,iOS,APP_SIDE
75.32,2.26,17.93,17.46,24.58,4.24,3,15000,2160,249.11,76.44,47.34,2.07,165.56,1,searching,T-Mobile,North America,iOS,ISP_SIDE
95.55,1.54,12.41,35.91,27.98,1.16,2,15000,2160,172.1,88.81,40.08,1.25,96.28,1,searching,Airtel,North America,iOS,ISP_SIDE
72.93,1.46,9.86,60.01,28.23,2.18,0,8000,1080,257.02,71.07,53.09,0.03,137.08,0,searching,Comcast,North America,Android,APP_SIDE
107.87,2.85,6.88,33.59,33.45,2.29,1,8000,1080,243.71,74.14,59.24,0.55,73.31,1,searching,Verizon,North America,iOS,APP_SIDE
132.19,4.05,14.97,34.66,32.11,0.6,1,3000,720,200.28,75.33,59.41,1.79,156.04,1,browsing,Verizon,South America,Android,ISP_SIDE
85.6,0.93,13.96,35.25,25.97,2.41,0,3000,720,186.05,97.32,69.87,1.47,119.91,1,searching,AT&T,South America,Web,APP_SIDE
65.58,2.89,17.36,26.02,27.72,1.31,1,5000,1080,149.89,43.58,58.56,4.11,143.63,0,browsing,T-Mobile,Europe,Web,ISP_SIDE
19.17,1.0,3.0,48.38,35.96,2.35,0,15000,2160,89.97,26.64,69.24,1.41,169.05,0,browsing,Comcast,Asia-Pacific,SmartTV,ISP_SIDE
83.65,1.09,17.06,27.91,33.3,2.79,0,3000,1080,81.2,66.94,66.27,2.06,118.39,0,searching,Comcast,North America,SmartTV,APP_SIDE
76.88,4.29,9.53,61.81,35.28,0.68,2,15000,2160,166.95,71.04,60.29,1.64,133.86,0,searching,T-Mobile,North America,SmartTV,ISP_SIDE
68.27,0.49,10.47,51.69,30.89,5.08,1,15000,2160,219.98,64.39,54.32,2.02,92.13,0,searching,T-Mobile,South America,SmartTV,ISP_SIDE
72.65,4.37,4.86,15.34,32.71,2.18,1,5000,720,169.18,95.25,56.07,0.83,47.32,1,searching,Verizon,North America,Web,APP_SIDE
109.7,0.5,21.36,14.92,27.72,4.32,1,15000,2160,263.47,66.44,48.72,0.7,146.73,1,browsing,AT&T,Asia-Pacific,SmartTV,APP_SIDE
77.29,1.11,10.96,33.09,37.02,0.97,2,5000,1080,80.02,64.58,83.12,1.68,149.83,0,browsing,T-Mobile,Asia-Pacific,Android,APP_SIDE
92.02,0.69,9.89,63.93,23.38,0.6,2,8000,1080,172.25,69.52,56.0,1.0,146.82,1,searching,Airtel,North America,iOS,APP_SIDE
105.73,1.73,9.94,29.22,31.53,1.61,0,8000,720,107.24,57.9,56.45,0.56,149.47,1,browsing,Vodafone,Asia-Pacific,SmartTV,APP_SIDE
113.79,1.49,16.98,35.24,46.14,2.49,4,8000,1080,280.05,49.06,58.38,2.66,180.41,1,searching,Airtel,South America,Android,ISP_SIDE
75.64,3.4,15.71,46.94,19.68,1.25,2,5000,1080,257.05,68.55,59.33,1.61,176.61,0,searching,Comcast,South America,Android,APP_SIDE
68.36,3.6,3.29,54.9,32.97,2.87,0,8000,1080,225.64,54.8,59.52,1.5,130.52,0,streaming,AT&T,North America,Web,ISP_SIDE
63.43,1.72,24.5,71.89,33.54,3.65,1,15000,2160,167.43,41.21,65.72,2.3,98.83,0,searching,T-Mobile,South America,iOS,APP_SIDE
72.21,1.91,5.42,30.28,33.67,8.84,0,5000,1080,153.47,100.93,54.11,0.37,70.42,1,searching,Vodafone,Asia-Pacific,Web,APP_SIDE
65.83,0.46,20.76,46.06,24.19,2.83,2,5000,1080,246.22,66.21,60.88,1.02,84.88,0,streaming,Airtel,Asia-Pacific,SmartTV,ISP_SIDE
100.45,2.55,5.31,24.15,31.61,0.29,2,5000,720,265.94,86.01,57.13,0.96,123.21,1,searching,Comcast,Asia-Pacific,Web,APP_SIDE
5.03,4.4,19.24,33.92,31.8,1.53,2,5000,1080,207.87,54.9,69.46,1.61,101.46,0,browsing,Verizon,North America,Web,ISP_SIDE
20.7,1.8,6.18,45.75,27.34,0.71,3,8000,1080,240.85,34.05,52.48,1.04,104.0,0,browsing,Comcast,Europe,iOS,APP_SIDE
78.08,2.72,2.44,48.6,39.41,3.37,0,15000,2160,143.39,40.73,56.97,3.25,151.17,0,browsing,Comcast,North America,SmartTV,ISP_SIDE
46.73,3.05,20.91,26.12,23.37,4.02,1,3000,720,151.25,61.21,76.73,3.24,117.29,0,streaming,Verizon,North America,Android,APP_SIDE
127.29,1.47,10.43,55.14,16.65,0.21,1,3000,1080,253.77,42.18,44.74,0.44,132.08,1,searching,Verizon,Asia-Pacific,iOS,APP_SIDE
61.65,1.71,18.66,16.37,26.93,2.12,1,8000,720,220.5,70.92,61.84,0.15,127.35,1,searching,AT&T,Asia-Pacific,iOS,ISP_SIDE
49.5,2.09,5.66,31.56,15.97,2.17,1,5000,1080,138.41,86.14,69.11,1.16,82.14,0,searching,Vodafone,North America,Web,APP_SIDE
127.36,3.08,9.78,77.31,33.52,2.51,0,3000,720,143.55,58.46,61.39,0.98,84.26,0,browsing,Vodafone,South America,SmartTV,ISP_SIDE
64.04,1.93,7.52,49.25,42.8,0.47,0,3000,1080,119.31,62.39,59.11,0.59,69.11,0,streaming,Airtel,Asia-Pacific,Android,APP_SIDE
83.63,1.8,22.92,49.73,14.75,0.86,1,15000,2160,213.18,55.68,49.92,1.31,103.52,0,browsing,Vodafone,North America,Android,APP_SIDE
54.82,2.72,2.86,33.31,31.12,4.66,0,8000,720,180.13,66.34,40.66,0.41,114.31,0,searching,Vodafone,Europe,SmartTV,APP_SIDE
19.78,3.4,4.64,48.76,34.64,2.85,1,8000,720,153.79,59.4,52.26,4.44,184.18,0,searching,T-Mobile,South America,Android,ISP_SIDE
63.17,1.87,22.44,51.76,34.18,0.3,5,5000,720,133.72,73.11,59.32,0.06,165.61,0,streaming,AT&T,Asia-Pacific,Web,ISP_SIDE
32.4,1.57,14.82,41.96,24.86,1.99,1,3000,1080,31.65,60.21,52.42,1.09,183.76,0,browsing,Airtel,Europe,Android,APP_SIDE
119.58,1.39,12.51,23.45,30.98,2.63,0,3000,720,181.66,66.24,69.32,0.77,101.54,1,streaming,AT&T,Asia-Pacific,SmartTV,ISP_SIDE
56.84,3.91,23.83,52.7,34.59,4.93,1,3000,1080,121.26,64.48,53.19,0.59,91.76,0,browsing,Comcast,Europe,iOS,APP_SIDE
34.49,0.61,3.92,29.74,12.24,1.68,1,3000,720,194.03,37.24,41.28,0.69,100.86,0,streaming,AT&T,South America,Android,ISP_SIDE
71.53,1.12,2.26,42.09,31.07,0.44,0,3000,720,178.18,71.95,45.13,1.63,89.04,0,browsing,Vodafone,Asia-Pacific,Android,APP_SIDE
76.38,1.38,15.32,14.59,42.07,1.74,2,3000,720,158.86,75.26,56.25,1.39,103.84,0,streaming,AT&T,North America,iOS,APP_SIDE
40.7,3.1,10.8,53.97,51.87,3.46,1,8000,1080,137.39,36.11,64.33,2.75,89.76,0,streaming,AT&T,South America,SmartTV,ISP_SIDE
83.55,1.04,8.83,14.7,24.6,1.0,3,5000,720,213.59,66.5,74.7,0.31,93.18,1,searching,Comcast,Asia-Pacific,SmartTV,APP_SIDE
72.33,2.2,16.24,37.93,28.74,4.63,5,3000,1080,137.53,48.25,60.2,1.99,144.91,0,streaming,AT&T,Asia-Pacific,iOS,APP_SIDE
88.77,0.97,22.76,32.65,30.81,0.98,1,15000,2160,204.48,77.88,62.68,0.11,101.89,1,searching,AT&T,South America,SmartTV,APP_SIDE
82.3,1.24,9.4,45.18,22.59,0.93,1,8000,1080,144.06,40.43,69.16,1.12,104.49,0,browsing,Vodafone,Asia-Pacific,Web,ISP_SIDE
93.05,0.8,8.4,28.27,41.08,4.13,1,8000,1080,116.73,75.46,53.51,0.2,79.83,1,searching,AT&T,South America,iOS,APP_SIDE
78.52,4.64,8.39,60.79,39.19,3.03,1,5000,720,166.19,36.01,79.86,2.55,138.45,0,browsing,Verizon,South America,SmartTV,ISP_SIDE
100.76,2.86,12.78,16.17,21.59,3.77,1,3000,1080,390.67,38.9,50.4,1.0,104.02,1,streaming,T-Mobile,Europe,iOS,ISP_SIDE
82.03,0.32,15.17,47.72,26.51,1.65,3,15000,2160,269.46,50.0,58.18,2.67,84.88,0,searching,Airtel,South America,Android,APP_SIDE
89.88,0.55,24.83,31.59,26.76,0.54,1,15000,2160,140.2,35.31,47.14,2.6,38.05,0,browsing,AT&T,South America,Web,ISP_SIDE
67.86,0.89,17.49,20.3,13.14,1.96,1,3000,1080,105.84,60.18,48.88,2.58,152.69,1,browsing,T-Mobile,South America,iOS,APP_SIDE
79.1,1.15,23.44,24.44,35.3,0.91,0,8000,1080,109.44,60.65,62.25,0.76,92.43,0,browsing,AT&T,North America,iOS,ISP_SIDE
78.85,1.47,22.26,51.94,23.66,1.72,1,5000,1080,227.95,72.87,53.81,0.65,98.87,1,browsing,AT&T,Europe,iOS,ISP_SIDE
98.56,2.05,15.57,40.77,32.13,4.26,1,5000,1080,260.74,91.01,78.48,1.16,13.85,1,streaming,Comcast,Europe,iOS,APP_SIDE
66.82,2.58,22.48,56.75,39.36,0.82,0,3000,1080,214.85,65.27,60.26,1.18,138.46,0,searching,Verizon,Asia-Pacific,Web,APP_SIDE
45.01,1.61,4.06,58.11,25.12,3.18,2,5000,720,139.0,59.35,47.45,5.06,153.53,0,browsing,Comcast,North America,SmartTV,APP_SIDE
73.29,2.58,21.12,38.92,22.06,2.39,1,15000,2160,204.01,62.04,58.36,2.58,81.28,0,streaming,Verizon,South America,Web,ISP_SIDE
86.96,4.32,8.01,24.09,36.63,3.27,3,8000,1080,236.39,50.47,62.13,1.2,159.93,0,browsing,T-Mobile,South America,SmartTV,ISP_SIDE
89.7,0.9,18.86,14.31,28.82,7.45,1,5000,720,141.13,80.44,60.15,1.3,73.14,1,streaming,Vodafone,Europe,iOS,APP_SIDE
21.8,2.86,24.79,6.55,24.03,3.27,2,3000,720,282.66,59.78,67.81,0.31,88.65,0,browsing,Vodafone,South America,Android,ISP_SIDE
90.02,3.03,19.85,20.35,46.91,1.05,2,5000,720,173.41,63.44,52.94,1.11,36.05,1,browsing,Verizon,Asia-Pacific,Web,APP_SIDE
74.72,1.49,10.28,61.25,33.04,1.69,0,8000,720,277.61,36.84,59.68,3.48,148.11,0,browsing,Verizon,North America,iOS,ISP_SIDE
88.2,3.11,13.06,11.2,38.14,2.09,0,8000,720,148.29,87.64,51.5,1.64,92.31,1,browsing,T-Mobile,South America,SmartTV,APP_SIDE
60.24,0.57,20.41,41.31,26.15,2.5,2,15000,2160,135.25,51.64,65.66,0.79,90.6,0,searching,Verizon,Asia-Pacific,iOS,ISP_SIDE
38.34,0.98,8.59,48.74,23.69,1.25,1,5000,1080,49.34,58.5,72.29,2.11,77.96,0,searching,T-Mobile,Asia-Pacific,Android,ISP_SIDE
112.86,0.53,12.02,59.33,30.94,7.46,1,5000,720,199.76,56.21,61.63,3.96,115.35,1,browsing,Vodafone,North America,Web,APP_SIDE
81.65,0.89,11.9,34.28,28.31,4.61,2,15000,2160,254.86,76.51,66.02,2.86,68.41,1,browsing,Comcast,North America,Web,APP_SIDE
117.39,0.75,6.18,18.89,26.64,0.73,0,8000,720,146.6,65.47,64.36,1.95,114.31,1,searching,Vodafone,North America,SmartTV,APP_SIDE
97.11,2.76,21.35,36.08,18.59,7.0,2,3000,720,202.11,62.62,62.28,2.42,121.37,0,browsing,Verizon,North America,Android,ISP_SIDE
48.06,2.3,10.12,55.8,35.74,0.55,1,5000,720,200.74,60.8,47.66,2.25,89.39,0,streaming,AT&T,Asia-Pacific,iOS,ISP_SIDE
115.44,3.84,2.11,41.47,30.06,3.69,2,15000,2160,96.2,56.01,68.81,2.82,149.8,1,streaming,Verizon,North America,Web,ISP_SIDE
37.02,1.11,11.51,60.88,39.3,4.53,1,5000,720,222.71,73.99,68.45,0.52,90.82,0,streaming,Vodafone,Asia-Pacific,SmartTV,APP_SIDE
36.33,3.6,11.8,52.82,34.81,1.4,0,3000,1080,163.72,69.19,42.95,1.71,93.17,0,streaming,Airtel,Europe,iOS,ISP_SIDE
49.7,1.43,15.74,26.58,30.47,0.68,0,5000,720,228.79,49.2,64.63,0.96,46.0,1,searching,Verizon,South America,Android,ISP_SIDE
96.73,0.64,20.04,42.84,31.97,1.74,2,8000,720,165.2,60.02,56.35,0.77,127.17,1,streaming,AT&T,Europe,iOS,APP_SIDE
83.88,0.28,3.12,24.26,27.27,1.07,2,5000,1080,131.58,68.25,65.81,0.66,167.34,1,searching,Comcast,Asia-Pacific,SmartTV,APP_SIDE
71.28,0.67,12.73,38.48,33.5,1.72,0,15000,2160,117.66,56.24,61.35,2.0,69.67,0,browsing,T-Mobile,North America,Web,APP_SIDE
100.66,0.51,10.53,41.35,35.39,2.57,1,8000,1080,202.95,54.84,62.59,2.0,94.62,1,streaming,Comcast,South America,SmartTV,APP_SIDE
90.83,2.52,14.81,53.26,37.12,1.71,1,5000,720,107.83,49.85,57.23,1.38,89.92,0,streaming,Comcast,Asia-Pacific,SmartTV,APP_SIDE
65.13,2.07,5.68,62.87,23.13,2.56,2,15000,2160,171.88,64.34,83.21,1.46,100.27,0,searching,Vodafone,Europe,Android,APP_SIDE
91.89,1.75,20.92,39.02,23.31,1.82,1,8000,1080,191.65,70.48,68.27,2.41,114.55,0,streaming,T-Mobile,North America,Android,APP_SIDE
31.09,1.56,23.98,71.34,24.3,1.09,0,15000,2160,38.67,41.38,58.68,1.26,145.67,0,searching,Comcast,Asia-Pacific,Android,ISP_SIDE
88.4,3.46,23.04,35.49,33.42,3.46,1,3000,720,258.86,82.23,60.48,0.46,61.32,0,streaming,Airtel,Europe,Web,ISP_SIDE
126.25,1.78,9.79,26.79,31.89,2.03,4,3000,1080,258.25,88.05,49.73,2.84,178.89,1,searching,AT&T,South America,Web,ISP_SIDE
89.49,1.52,13.36,33.45,25.51,2.19,1,3000,1080,214.45,72.77,68.26,1.32,67.04,1,browsing,Comcast,Europe,SmartTV,APP_SIDE
42.67,0.95,18.36,70.12,40.19,1.81,0,3000,1080,111.79,40.54,75.98,1.6,90.47,0,streaming,Comcast,North America,SmartTV,APP_SIDE
33.28,2.62,24.65,42.89,18.93,4.94,0,5000,720,234.21,62.45,75.44,0.98,71.97,0,searching,Vodafone,South America,Web,APP_SIDE
59.01,1.14,10.09,42.55,17.05,3.2,3,3000,720,164.97,72.58,65.03,2.07,31.01,0,searching,Comcast,Europe,iOS,APP_SIDE
74.31,0.86,9.59,61.36,36.27,2.37,0,5000,1080,221.17,35.3,38.23,1.22,134.08,0,searching,T-Mobile,South America,Android,APP_SIDE
35.79,0.79,19.95,49.05,17.46,0.73,1,5000,720,216.62,60.01,45.53,0.4,80.01,0,streaming,Airtel,North America,SmartTV,APP_SIDE
45.61,1.66,21.7,28.94,35.6,5.11,0,3000,720,276.1,27.26,37.41,0.68,104.19,0,browsing,Verizon,Asia-Pacific,SmartTV,APP_SIDE
117.12,0.96,21.11,6.81,33.06,1.46,1,15000,2160,220.66,62.99,44.96,0.36,72.62,1,browsing,Comcast,South America,Web,ISP_SIDE
107.75,1.6,20.54,39.43,20.44,2.01,0,8000,720,186.91,72.17,83.14,1.4,75.83,1,streaming,T-Mobile,South America,iOS,APP_SIDE
79.64,0.69,15.17,52.92,33.58,3.41,2,3000,720,268.9,31.69,56.53,2.3,110.91,0,streaming,Comcast,Asia-Pacific,Android,APP_SIDE
89.91,0.71,6.74,53.89,31.24,5.64,0,8000,1080,262.39,91.55,74.27,2.04,113.04,1,streaming,Airtel,North America,Android,APP_SIDE
93.59,2.12,6.75,44.18,24.5,0.51,2,5000,720,206.57,64.52,60.06,1.87,105.25,0,streaming,Vodafone,Asia-Pacific,Android,ISP_SIDE
62.49,0.55,2.84,16.9,36.89,1.07,1,5000,1080,149.96,76.7,57.66,1.16,102.39,0,searching,AT&T,Asia-Pacific,iOS,APP_SIDE
122.72,3.11,19.68,47.7,47.68,2.45,1,3000,1080,158.52,56.92,68.12,0.27,51.86,1,streaming,AT&T,Asia-Pacific,Web,ISP_SIDE
74.64,2.45,24.55,70.34,28.22,6.5,0,8000,1080,145.05,48.39,63.92,0.73,131.62,0,searching,Vodafone,North America,iOS,ISP_SIDE
117.61,1.8,15.43,34.7,34.2,3.36,2,3000,720,107.98,76.29,70.13,0.12,109.18,1,streaming,Airtel,North America,SmartTV,APP_SIDE
130.59,2.0,19.51,59.18,33.06,1.97,2,15000,2160,174.63,69.49,56.02,0.78,42.86,1,searching,AT&T,Europe,Web,ISP_SIDE
63.63,4.75,22.45,63.49,27.43,0.51,0,15000,2160,168.91,91.84,67.59,2.19,126.33,0,streaming,Verizon,South America,SmartTV,APP_SIDE
60.02,0.55,13.13,53.4,41.74,2.82,1,3000,720,182.21,44.58,63.94,1.16,80.78,0,searching,Airtel,Asia-Pacific,iOS,APP_SIDE
62.97,1.78,7.29,2.06,42.21,1.61,0,5000,720,182.87,29.63,76.93,0.93,96.54,0,streaming,Comcast,Asia-Pacific,Web,ISP_SIDE
66.17,1.8,19.79,9.65,24.95,2.82,3,3000,720,144.34,40.04,82.07,2.04,128.91,0,browsing,AT&T,South America,Web,APP_SIDE
56.62,2.4,15.14,29.27,33.1,5.51,0,5000,1080,282.14,54.79,48.69,2.89,154.72,0,searching,AT&T,Europe,Android,APP_SIDE
57.79,1.87,13.73,-8.22,20.4,1.32,1,3000,1080,211.14,97.46,43.71,1.31,120.1,1,searching,Verizon,Europe,Android,ISP_SIDE
122.27,3.03,19.38,51.72,36.85,4.01,0,3000,720,249.49,53.25,66.02,1.89,83.34,1,searching,Verizon,South America,iOS,APP_SIDE
53.65,1.13,11.9,41.62,40.85,5.92,0,8000,720,220.57,33.58,53.07,0.76,130.55,0,streaming,Vodafone,South America,SmartTV,APP_SIDE
90.17,1.12,22.85,37.79,30.1,1.19,1,15000,2160,155.97,77.4,71.0,2.32,122.72,1,searching,Comcast,South America,SmartTV,APP_SIDE
86.16,2.66,8.36,48.22,18.45,3.4,0,3000,1080,248.51,44.69,67.3,0.71,122.33,0,browsing,AT&T,North America,iOS,APP_SIDE
108.87,3.88,17.93,6.17,33.47,1.63,2,3000,720,134.33,81.76,75.93,0.13,49.79,1,browsing,Airtel,South America,Android,ISP_SIDE
76.75,0.35,16.96,57.96,26.81,2.89,0,15000,2160,143.85,76.14,55.04,1.82,58.17,1,streaming,Verizon,Asia-Pacific,iOS,APP_SIDE
89.89,1.55,18.04,3.84,37.12,5.52,0,3000,720,209.31,60.96,69.98,0.14,70.23,1,searching,Verizon,Asia-Pacific,Android,ISP_SIDE
68.95,1.96,13.52,55.53,25.08,6.97,2,5000,720,186.55,32.1,64.83,2.5,106.7,0,browsing,Comcast,South America,Web,APP_SIDE
85.98,1.44,21.78,60.06,40.25,2.05,0,3000,720,260.41,50.2,86.7,2.29,96.52,0,browsing,T-Mobile,North America,iOS,APP_SIDE
84.03,1.49,16.0,29.06,26.93,1.92,2,5000,1080,167.21,91.41,48.36,1.09,121.85,1,browsing,T-Mobile,South America,iOS,APP_SIDE
57.03,0.78,17.11,34.44,22.77,1.17,2,3000,1080,178.12,92.48,49.88,1.46,200.3,1,searching,Verizon,South America,SmartTV,APP_SIDE
79.05,1.93,4.13,35.86,34.52,2.2,0,15000,2160,112.34,71.77,58.26,0.72,113.28,1,browsing,Verizon,South America,Android,APP_SIDE
40.04,2.38,20.66,41.27,22.26,1.46,2,3000,1080,221.75,65.95,64.4,1.26,140.63,0,searching,T-Mobile,North America,Android,APP_SIDE
103.83,0.57,17.05,18.62,44.59,2.72,1,3000,1080,204.64,68.45,65.2,3.65,139.78,1,searching,T-Mobile,South America,Android,APP_SIDE
86.81,1.74,22.9,36.23,31.99,1.5,1,3000,720,145.06,36.57,46.84,1.01,109.84,0,searching,Comcast,North America,SmartTV,APP_SIDE
45.55,0.17,23.13,30.07,33.24,2.46,0,5000,1080,253.02,35.84,53.91,0.6,86.41,0,browsing,Comcast,South America,Android,APP_SIDE
40.53,0.97,16.69,47.34,42.58,3.06,0,3000,720,256.45,27.72,62.09,0.62,96.4,0,searching,AT&T,North America,Android,APP_SIDE
28.66,1.45,22.37,37.09,40.9,3.29,1,8000,1080,235.55,64.6,71.43,0.33,94.73,0,searching,AT&T,North America,iOS,APP_SIDE
89.94,0.35,21.33,18.52,28.92,2.56,3,5000,720,120.31,57.59,57.91,3.23,110.71,1,streaming,Comcast,North America,Web,APP_SIDE
12.89,0.61,24.19,44.99,37.34,0.7,1,3000,720,147.94,63.54,71.59,0.62,152.29,0,searching,Comcast,Asia-Pacific,Android,ISP_SIDE
93.85,1.74,10.15,26.11,21.28,3.47,3,15000,2160,134.29,56.19,71.08,1.52,145.62,1,streaming,AT&T,South America,iOS,ISP_SIDE
76.18,1.81,24.17,34.53,36.9,0.61,2,15000,2160,7.02,37.84,60.61,1.85,158.35,0,browsing,Comcast,North America,Web,APP_SIDE
62.73,5.23,4.87,48.21,28.76,1.62,3,3000,720,165.88,43.03,66.41,0.69,94.14,0,streaming,Verizon,North America,Web,APP_SIDE
5.48,0.46,12.03,44.02,41.88,1.51,0,8000,720,250.68,53.9,85.36,0.23,89.3,0,searching,AT&T,Asia-Pacific,Web,ISP_SIDE
68.0,2.16,5.92,40.01,35.78,0.98,1,3000,720,218.13,49.03,61.78,0.22,134.2,0,streaming,Comcast,South America,iOS,ISP_SIDE
45.59,1.35,24.95,37.5,20.28,3.62,3,8000,720,230.2,48.71,47.28,4.79,98.75,0,browsing,AT&T,South America,iOS,APP_SIDE
86.34,3.36,20.61,0.15,29.81,2.5,1,15000,2160,379.37,76.68,70.56,0.49,134.1,1,browsing,T-Mobile,South America,iOS,ISP_SIDE
100.95,1.02,10.14,48.43,28.91,1.86,1,15000,2160,177.45,67.38,67.62,0.05,105.69,0,streaming,Comcast,Europe,SmartTV,ISP_SIDE
83.74,2.13,19.62,50.91,33.04,3.31,1,8000,720,224.1,36.74,26.82,5.02,110.76,0,streaming,Vodafone,North America,iOS,APP_SIDE
66.63,2.53,22.95,39.94,32.53,3.78,2,8000,1080,183.83,43.59,59.27,0.5,75.29,0,browsing,Vodafone,North America,Web,APP_SIDE
42.47,0.9,13.02,39.84,24.88,0.5,0,8000,720,207.51,67.86,52.41,1.23,164.88,0,browsing,Airtel,Asia-Pacific,Android,ISP_SIDE
27.32,0.95,18.11,40.61,27.99,5.75,0,5000,720,246.18,60.22,48.0,1.33,95.08,0,browsing,Airtel,South America,Web,ISP_SIDE
79.55,2.15,24.93,39.62,21.79,2.06,1,5000,720,118.34,32.57,67.36,3.71,129.09,0,searching,Comcast,Europe,Web,APP_SIDE
82.83,1.3,7.08,40.75,13.62,2.42,0,3000,1080,324.83,45.84,58.21,1.98,78.27,0,searching,Airtel,South America,Android,ISP_SIDE
36.09,2.15,3.0,46.56,32.82,0.05,1,3000,720,233.78,44.19,66.24,1.11,104.88,0,browsing,Comcast,Europe,Web,ISP_SIDE
99.29,2.41,17.41,44.39,11.43,4.73,1,5000,720,135.23,64.71,53.3,2.85,139.8,1,searching,AT&T,South America,SmartTV,ISP_SIDE
62.75,0.62,12.62,45.37,30.1,0.89,0,15000,2160,83.36,59.57,63.76,2.54,98.88,0,searching,AT&T,South America,Web,APP_SIDE
88.47,2.09,6.29,56.47,29.13,2.09,0,5000,1080,153.04,44.51,65.48,0.26,71.02,0,browsing,AT&T,Europe,SmartTV,APP_SIDE
51.0,1.44,23.31,22.0,50.73,0.83,0,5000,720,122.36,90.89,69.67,2.82,137.55,1,streaming,Verizon,North America,Android,APP_SIDE
75.2,1.2,24.08,20.77,15.12,1.55,1,3000,720,218.05,103.25,57.2,1.99,82.58,1,searching,T-Mobile,Asia-Pacific,SmartTV,APP_SIDE
63.24,2.91,11.64,31.22,37.63,3.71,1,3000,720,260.59,95.96,58.12,0.55,129.08,1,browsing,Vodafone,Asia-Pacific,Android,APP_SIDE
63.05,2.73,19.74,19.39,27.66,2.64,1,5000,1080,182.7,74.59,71.26,0.85,45.25,1,searching,Airtel,Asia-Pacific,Android,APP_SIDE
79.38,3.96,5.12,31.28,30.95,0.43,2,3000,720,196.25,93.01,57.64,0.53,66.0,1,streaming,Verizon,South America,Android,APP_SIDE
122.66,2.74,14.75,72.15,29.34,1.29,2,3000,720,126.31,54.11,51.84,0.4,130.8,0,searching,AT&T,South America,iOS,ISP_SIDE
98.17,1.46,5.02,6.07,24.7,0.88,1,15000,2160,204.82,82.61,54.86,2.02,45.27,1,searching,Verizon,Europe,SmartTV,ISP_SIDE
141.86,1.43,14.34,32.69,41.73,2.4,2,3000,1080,112.82,66.87,55.52,1.43,131.6,1,streaming,Verizon,North America,Web,APP_SIDE
65.76,1.43,10.72,43.9,20.32,1.48,0,3000,1080,202.36,60.36,56.5,0.91,123.91,0,streaming,AT&T,Europe,SmartTV,APP_SIDE
37.38,1.18,24.31,47.68,24.97,1.46,4,8000,1080,189.35,41.98,67.42,0.33,110.71,0,searching,T-Mobile,South America,Web,ISP_SIDE
65.44,0.86,5.56,26.56,42.96,1.56,0,3000,1080,162.46,70.9,51.03,0.8,82.05,1,browsing,Comcast,Asia-Pacific,Android,ISP_SIDE
113.49,2.94,10.17,27.35,36.71,3.73,1,5000,1080,220.71,52.11,59.41,0.67,66.66,0,browsing,Verizon,North America,SmartTV,APP_SIDE
121.92,2.97,13.24,73.92,20.57,6.24,0,5000,1080,204.48,61.93,51.93,0.84,58.42,0,browsing,Comcast,Asia-Pacific,SmartTV,APP_SIDE
92.93,1.94,20.05,15.24,39.86,1.39,0,5000,720,168.26,76.27,57.5,0.59,96.73,1,browsing,Vodafone,Europe,SmartTV,ISP_SIDE
90.34,1.74,16.78,57.2,28.96,3.51,3,8000,1080,255.55,75.25,53.88,1.13,105.2,1,streaming,Airtel,South America,iOS,APP_SIDE
91.87,1.13,18.35,56.83,33.58,2.43,2,8000,720,154.43,63.14,63.52,2.24,88.87,0,browsing,Vodafone,South America,Web,ISP_SIDE
82.93,2.34,2.98,44.88,30.2,2.71,1,15000,2160,248.11,77.83,45.77,2.39,200.48,1,streaming,Airtel,North America,Web,ISP_SIDE
86.71,1.22,11.02,54.36,26.94,4.61,0,8000,1080,128.13,80.62,63.92,0.21,123.32,1,searching,Verizon,Europe,SmartTV,APP_SIDE
63.47,1.04,5.71,49.03,27.19,3.34,0,3000,1080,203.36,17.19,58.84,2.2,75.59,0,browsing,Airtel,South America,Android,ISP_SIDE
97.56,2.42,4.04,39.06,26.69,1.01,3,5000,720,247.76,81.76,56.02,0.32,122.31,1,searching,Airtel,Asia-Pacific,iOS,ISP_SIDE
25.62,1.29,18.64,42.37,41.35,3.89,0,5000,1080,177.48,53.09,68.75,0.59,229.1,0,searching,Verizon,Europe,Web,APP_SIDE
36.26,3.57,9.57,53.4,32.09,3.02,1,3000,1080,107.23,70.99,57.65,2.41,146.03,0,browsing,Airtel,Asia-Pacific,Android,ISP_SIDE
97.42,0.75,14.45,43.29,36.88,4.86,1,3000,720,163.16,54.76,45.65,1.15,69.74,0,searching,AT&T,North America,SmartTV,APP_SIDE
105.4,1.46,19.4,24.72,44.49,1.09,0,5000,1080,150.34,86.63,49.24,1.43,121.23,1,streaming,Vodafone,North America,Android,APP_SIDE
93.7,0.78,18.97,25.55,22.98,2.54,3,8000,720,118.93,60.63,57.85,0.71,150.75,1,searching,Airtel,North America,iOS,APP_SIDE
88.06,2.09,9.27,20.39,36.5,3.3,2,5000,720,171.6,102.57,69.53,0.88,78.76,1,streaming,T-Mobile,Europe,Android,APP_SIDE
57.83,2.71,17.78,26.08,34.89,3.36,0,3000,720,236.84,80.39,56.89,0.79,129.65,0,streaming,T-Mobile,North America,iOS,APP_SIDE
64.33,0.77,2.2,55.86,25.27,3.01,0,3000,720,128.61,37.93,64.49,0.39,66.45,0,streaming,Vodafone,North America,SmartTV,ISP_SIDE
64.0,2.19,20.45,5.78,30.58,1.27,1,15000,2160,234.62,74.52,51.64,3.87,70.38,1,browsing,T-Mobile,Asia-Pacific,Android,ISP_SIDE
108.41,1.39,11.56,28.83,26.6,0.93,0,8000,720,157.23,44.92,53.1,2.77,104.97,1,streaming,Airtel,South America,SmartTV,APP_SIDE
25.79,1.48,11.5,25.75,25.47,0.71,0,5000,720,180.56,72.35,70.94,0.3,115.66,0,searching,Airtel,Asia-Pacific,iOS,APP_SIDE
70.48,1.67,6.1,12.09,14.36,2.48,1,3000,1080,117.39,86.8,58.61,3.24,69.51,1,browsing,T-Mobile,North America,SmartTV,ISP_SIDE
78.93,1.61,14.13,32.29,32.6,1.22,0,3000,1080,265.29,52.95,79.78,1.67,122.2,0,browsing,Comcast,Europe,Web,APP_SIDE
85.6,0.87,6.46,27.0,30.42,0.37,1,15000,2160,191.33,71.12,55.34,2.27,103.83,0,streaming,Airtel,North America,Android,APP_SIDE
85.53,3.37,10.63,28.64,28.89,0.41,3,15000,2160,189.75,102.75,68.01,0.76,127.83,1,streaming,Verizon,Asia-Pacific,iOS,APP_SIDE
67.09,0.78,24.64,21.05,15.99,4.59,1,3000,1080,125.75,60.79,49.46,2.85,118.5,0,streaming,AT&T,Europe,iOS,ISP_SIDE
38.52,4.35,20.65,24.05,24.05,1.5,1,8000,1080,239.72,82.3,76.04,0.17,91.71,0,streaming,Comcast,Asia-Pacific,iOS,ISP_SIDE
44.59,2.86,17.3,27.95,35.52,1.57,0,15000,2160,180.3,77.24,63.01,1.21,127.47,1,streaming,AT&T,Asia-Pacific,Android,APP_SIDE
46.61,1.48,3.02,47.94,40.17,0.25,0,3000,1080,188.5,67.56,59.71,0.17,112.14,0,searching,Verizon,Asia-Pacific,Web,ISP_SIDE
74.44,1.64,9.11,22.08,26.5,1.15,1,8000,1080,209.76,41.8,51.52,1.25,123.96,0,streaming,Vodafone,Europe,Android,APP_SIDE
60.13,3.69,21.69,54.46,27.96,1.82,0,3000,720,104.46,51.12,54.56,1.64,106.76,0,streaming,AT&T,Asia-Pacific,Web,ISP_SIDE
51.59,3.11,12.6,53.3,33.45,0.32,0,3000,1080,148.84,84.89,60.76,1.87,124.21,0,browsing,AT&T,North America,SmartTV,APP_SIDE
81.82,0.95,4.5,-11.77,23.4,2.03,0,3000,720,212.69,33.21,58.67,2.36,124.12,1,streaming,Airtel,Europe,Web,ISP_SIDE
75.21,0.96,24.01,36.18,35.47,1.0,0,3000,1080,179.46,71.56,63.83,1.24,89.03,0,searching,Vodafone,South America,Web,ISP_SIDE
89.82,0.85,23.28,14.94,30.5,1.61,1,15000,2160,205.21,49.02,60.0,2.09,101.34,1,streaming,Verizon,South America,iOS,APP_SIDE
93.96,3.72,3.95,53.26,38.05,2.64,0,3000,720,262.5,75.66,69.06,3.29,178.26,0,streaming,Verizon,Asia-Pacific,Android,APP_SIDE
115.47,1.75,15.66,-2.49,32.9,1.62,1,15000,2160,149.14,78.0,52.58,3.66,112.63,1,searching,Vodafone,South America,iOS,ISP_SIDE
126.47,5.85,21.91,44.85,31.18,4.34,4,5000,720,163.68,61.57,60.8,1.08,154.71,0,streaming,Comcast,North America,iOS,ISP_SIDE
92.83,4.24,14.81,17.45,24.24,0.63,1,5000,1080,279.04,86.87,65.58,0.27,89.79,1,browsing,Comcast,Asia-Pacific,SmartTV,APP_SIDE
96.63,2.59,4.92,74.52,44.52,2.86,1,3000,1080,197.23,64.4,54.62,3.33,101.01,0,streaming,AT&T,Asia-Pacific,Android,ISP_SIDE
33.97,3.45,22.53,54.94,40.94,1.97,3,8000,720,253.75,57.39,57.49,1.76,144.57,0,browsing,AT&T,North America,iOS,ISP_SIDE
48.88,2.45,15.79,41.25,29.21,0.69,0,3000,1080,269.95,50.79,43.4,1.16,166.08,0,browsing,Verizon,Europe,iOS,APP_SIDE
93.3,1.02,7.6,17.28,26.52,1.68,1,3000,1080,190.29,66.12,68.29,0.05,119.73,1,streaming,Airtel,North America,Android,APP_SIDE
15.12,4.0,6.49,24.19,25.75,2.48,1,3000,720,209.03,52.57,55.49,1.1,161.08,0,streaming,Airtel,Europe,SmartTV,APP_SIDE
11.84,3.95,3.53,33.77,26.62,0.94,3,5000,1080,263.73,39.35,67.53,0.79,174.08,0,browsing,AT&T,South America,SmartTV,ISP_SIDE
62.49,0.7,3.03,64.77,33.12,3.27,1,3000,1080,225.12,63.71,64.72,1.72,72.06,0,searching,AT&T,South America,Web,APP_SIDE
83.15,3.32,24.19,2.18,25.83,1.37,3,5000,720,176.77,53.01,60.55,2.23,154.76,0,streaming,AT&T,Europe,SmartTV,ISP_SIDE
71.82,0.94,21.23,49.87,39.85,1.16,1,8000,1080,216.61,74.57,60.48,2.6,147.02,0,searching,Vodafone,Asia-Pacific,iOS,APP_SIDE
163.13,0.51,19.8,3.13,31.4,1.98,3,8000,720,225.25,72.86,58.52,2.12,91.28,1,searching,AT&T,North America,Android,ISP_SIDE
27.63,0.66,11.47,43.35,33.69,2.07,0,8000,1080,83.2,60.63,45.5,4.13,141.05,0,streaming,Comcast,Europe,SmartTV,ISP_SIDE
103.68,1.2,13.99,54.13,36.52,1.29,3,3000,720,98.51,67.43,44.46,3.76,169.29,1,streaming,AT&T,Europe,Web,APP_SIDE
77.42,1.89,18.79,49.66,24.71,4.29,1,3000,720,48.72,51.56,61.54,1.52,68.12,0,searching,Comcast,Europe,SmartTV,APP_SIDE
49.71,1.8,15.13,33.84,36.89,2.18,0,5000,1080,121.91,31.99,49.81,0.51,115.42,0,searching,Verizon,Europe,Android,APP_SIDE
65.87,2.48,16.75,58.92,27.06,2.78,1,5000,720,155.05,53.36,55.64,0.89,159.76,0,streaming,Airtel,South America,Web,ISP_SIDE
123.05,0.41,18.45,38.65,34.18,1.04,2,8000,720,267.23,79.03,55.55,1.54,104.98,1,browsing,Verizon,Asia-Pacific,Web,ISP_SIDE
108.34,1.86,16.82,50.86,28.08,3.44,1,3000,1080,195.85,54.61,58.62,0.77,101.66,1,searching,T-Mobile,North America,Android,APP_SIDE
52.06,0.64,10.54,30.89,29.04,2.3,1,5000,1080,145.48,94.84,54.66,2.41,76.29,0,streaming,T-Mobile,North America,SmartTV,APP_SIDE
110.79,0.6,14.98,34.76,38.3,2.46,1,5000,720,115.89,80.14,86.3,3.07,94.19,1,browsing,Vodafone,North America,SmartTV,ISP_SIDE
59.65,1.94,11.95,37.34,11.49,3.27,1,3000,720,156.69,52.6,67.03,0.65,156.05,0,searching,Vodafone,South America,iOS,ISP_SIDE
107.09,0.56,2.19,23.03,48.77,3.3,0,15000,2160,164.06,75.83,65.14,1.04,136.94,1,streaming,Airtel,North America,Web,ISP_SIDE
108.17,2.09,17.52,59.8,36.28,6.1,2,8000,720,271.71,58.12,58.81,0.99,65.15,0,browsing,Comcast,North America,iOS,ISP_SIDE
40.61,1.47,24.77,42.79,34.5,2.46,1,3000,720,246.56,36.08,61.22,0.17,97.53,0,browsing,Comcast,Asia-Pacific,SmartTV,APP_SIDE
54.2,2.66,3.38,50.12,18.51,2.37,0,5000,720,147.31,84.95,76.9,0.26,67.91,0,browsing,Comcast,Asia-Pacific,Android,ISP_SIDE
115.48,1.87,22.6,46.72,24.01,3.25,4,15000,2160,259.03,31.42,53.89,1.15,98.6,0,browsing,T-Mobile,Asia-Pacific,Android,APP_SIDE
48.92,0.52,4.8,47.85,37.13,2.03,0,8000,720,198.83,64.34,68.86,1.2,104.38,0,browsing,Comcast,Europe,iOS,APP_SIDE
82.97,3.34,5.88,30.11,35.47,4.21,1,5000,720,182.19,65.69,71.5,1.59,31.36,1,browsing,Vodafone,Europe,Web,APP_SIDE
74.83,1.41,14.26,36.93,30.13,0.16,1,3000,720,55.13,49.35,80.07,3.15,123.73,0,searching,AT&T,South America,Android,ISP_SIDE
116.11,0.29,12.75,42.35,17.18,3.23,0,3000,720,170.63,77.78,50.25,1.06,119.8,1,browsing,AT&T,South America,Android,APP_SIDE
76.79,1.4,4.73,21.08,35.49,1.92,2,3000,720,221.6,89.2,54.35,1.43,141.39,1,browsing,Verizon,North America,SmartTV,APP_SIDE
73.96,1.6,4.65,38.81,17.75,0.1,0,5000,1080,113.14,87.31,64.63,2.74,69.59,1,streaming,Vodafone,Asia-Pacific,SmartTV,ISP_SIDE
119.52,1.49,24.92,32.31,28.85,6.69,0,5000,1080,154.82,79.61,55.11,0.38,38.77,1,browsing,AT&T,Asia-Pacific,SmartTV,ISP_SIDE
66.73,0.94,10.38,43.72,27.21,1.29,0,8000,720,153.28,48.12,51.64,0.48,166.19,0,searching,Vodafone,Asia-Pacific,iOS,ISP_SIDE
48.05,1.3,24.99,34.89,52.04,0.34,1,5000,720,110.63,64.22,66.09,3.35,102.58,0,browsing,Airtel,South America,SmartTV,ISP_SIDE
81.24,1.77,13.71,53.25,34.41,2.93,4,5000,1080,152.44,73.17,83.7,0.49,153.18,1,streaming,Airtel,Asia-Pacific,Android,ISP_SIDE
74.36,1.63,20.0,66.87,28.06,0.43,1,5000,720,212.24,45.07,59.51,0.19,161.03,0,browsing,Comcast,North America,iOS,ISP_SIDE
56.38,3.16,24.34,58.95,22.25,1.93,2,5000,1080,258.85,63.38,50.53,0.84,37.99,0,searching,Airtel,North America,Android,ISP_SIDE
30.55,1.97,7.06,57.6,23.66,1.13,0,5000,1080,122.19,82.37,59.42,4.33,75.27,0,browsing,Comcast,South America,SmartTV,ISP_SIDE
92.47,2.41,14.26,62.19,22.76,4.58,1,3000,720,243.18,50.49,55.3,2.29,113.36,0,browsing,AT&T,North America,iOS,ISP_SIDE
42.78,2.82,12.98,61.94,17.47,0.84,1,15000,2160,107.49,35.71,61.49,2.41,102.94,0,browsing,Airtel,Europe,iOS,ISP_SIDE
92.54,4.1,7.27,17.95,19.32,3.6,0,8000,1080,219.74,74.53,70.58,2.16,172.18,1,streaming,T-Mobile,Europe,SmartTV,ISP_SIDE
90.5,3.26,7.52,38.28,18.53,0.71,1,8000,1080,112.18,74.35,75.41,1.17,104.87,1,searching,Airtel,South America,SmartTV,APP_SIDE
50.32,2.55,13.35,28.31,27.4,0.93,1,15000,2160,172.49,64.26,51.35,2.64,78.59,1,searching,Vodafone,Asia-Pacific,SmartTV,ISP_SIDE
93.44,1.89,8.49,34.43,33.92,0.16,0,5000,720,230.31,64.61,70.1,1.33,102.75,1,browsing,Verizon,Asia-Pacific,SmartTV,APP_SIDE
70.08,2.39,4.26,48.44,27.45,1.42,2,15000,2160,166.06,52.0,69.28,0.78,143.74,0,streaming,Vodafone,Europe,Web,ISP_SIDE
103.4,0.95,13.58,47.73,22.71,1.27,2,8000,1080,131.8,82.72,70.44,0.89,116.25,0,searching,Airtel,North America,iOS,APP_SIDE
69.28,1.16,17.25,77.51,23.82,2.77,1,5000,1080,143.36,70.46,69.19,1.83,93.23,0,searching,AT&T,Europe,Web,APP_SIDE
89.35,1.2,2.78,27.15,43.41,1.57,1,8000,1080,214.95,49.25,81.07,1.48,83.29,1,streaming,AT&T,North America,Web,APP_SIDE
59.98,1.54,12.59,49.88,42.67,0.75,3,8000,720,233.72,47.7,47.76,1.39,140.86,0,streaming,Verizon,Asia-Pacific,Web,APP_SIDE
41.37,0.42,10.02,24.51,26.72,1.57,1,3000,1080,163.78,101.49,56.71,2.44,50.21,1,streaming,Vodafone,Asia-Pacific,Web,APP_SIDE
68.09,2.76,5.95,44.56,33.83,1.87,1,5000,1080,182.89,29.53,50.69,0.75,132.61,0,streaming,T-Mobile,South America,Android,ISP_SIDE
83.05,0.93,10.92,46.5,25.16,5.41,0,3000,720,292.78,80.88,69.65,0.88,140.15,0,searching,T-Mobile,South America,SmartTV,APP_SIDE
82.63,1.0,19.28,64.55,13.89,2.75,0,5000,1080,189.53,63.3,53.72,2.98,99.77,1,browsing,Comcast,South America,Web,ISP_SIDE
104.56,1.84,20.75,65.4,37.75,0.72,2,3000,1080,214.98,66.74,54.42,0.56,104.54,0,streaming,Airtel,North America,iOS,ISP_SIDE
76.06,2.1,23.29,59.14,36.7,1.37,2,5000,1080,262.79,56.95,52.8,2.07,179.6,0,browsing,Comcast,South America,iOS,ISP_SIDE
67.88,0.19,11.4,26.36,29.29,0.63,1,8000,1080,267.41,49.04,69.5,0.37,108.72,0,browsing,Verizon,South America,SmartTV,APP_SIDE
91.04,2.49,15.38,53.8,21.13,4.57,0,5000,720,165.25,75.66,54.15,2.16,110.34,1,browsing,Comcast,South America,Web,APP_SIDE
25.72,0.11,9.45,24.57,34.89,0.48,2,3000,720,208.04,73.21,59.94,3.95,99.39,0,searching,Airtel,Europe,Android,ISP_SIDE
68.12,3.18,11.31,51.6,43.55,2.17,1,5000,720,138.57,39.39,68.72,1.24,93.44,0,streaming,Comcast,Europe,Android,APP_SIDE
97.0,0.63,9.52,16.07,27.98,0.38,0,5000,720,210.16,49.53,60.61,0.6,121.12,0,searching,T-Mobile,North America,SmartTV,APP_SIDE
74.27,3.48,3.73,31.17,25.16,0.57,2,3000,1080,196.01,79.74,81.44,0.93,56.85,1,searching,T-Mobile,Europe,Android,ISP_SIDE
37.82,0.25,14.61,56.92,33.7,0.96,3,3000,720,206.66,60.99,66.1,1.12,101.63,0,browsing,Comcast,South America,Web,ISP_SIDE
125.17,2.59,14.84,45.27,28.34,1.56,1,3000,1080,155.61,64.05,48.98,4.48,130.73,0,streaming,AT&T,North America,Android,APP_SIDE
99.52,0.46,15.64,33.25,31.01,1.54,0,3000,720,131.82,70.34,43.72,0.19,81.89,1,streaming,T-Mobile,South America,iOS,APP_SIDE
40.61,0.61,3.16,18.66,43.57,2.16,0,3000,1080,170.52,78.85,62.32,2.59,80.15,0,searching,Verizon,Asia-Pacific,iOS,ISP_SIDE
60.16,2.34,9.99,33.48,16.38,6.29,2,8000,720,91.87,63.85,52.45,3.31,61.41,0,browsing,Vodafone,Europe,SmartTV,ISP_SIDE
43.62,3.25,17.52,37.1,20.67,0.95,1,8000,720,132.3,36.15,66.75,2.1,110.34,0,browsing,AT&T,South America,iOS,ISP_SIDE
73.89,1.11,13.52,23.96,25.7,0.4,1,5000,720,130.96,90.13,56.38,0.29,139.61,1,streaming,Airtel,North America,Web,APP_SIDE
81.75,3.2,13.43,54.59,34.0,1.08,2,3000,1080,206.14,53.83,71.0,1.01,83.58,0,streaming,Comcast,Europe,SmartTV,APP_SIDE
57.7,3.93,14.98,56.49,27.55,2.7,2,8000,720,169.24,60.07,59.38,4.63,43.09,0,browsing,AT&T,South America,Android,APP_SIDE
113.33,3.09,3.56,24.73,23.21,1.66,0,5000,1080,212.86,83.11,63.43,0.4,141.66,1,browsing,Comcast,North America,Android,ISP_SIDE
62.49,0.66,12.26,40.29,20.48,2.81,0,8000,1080,175.6,95.57,66.36,0.2,116.03,1,streaming,Vodafone,Europe,iOS,APP_SIDE
46.19,1.79,22.88,50.66,9.82,1.01,4,5000,1080,276.13,44.17,70.38,3.35,160.03,0,searching,T-Mobile,Asia-Pacific,iOS,APP_SIDE
63.43,1.11,5.09,33.28,31.37,2.0,0,15000,2160,264.67,51.9,47.66,2.29,153.25,1,browsing,Airtel,Asia-Pacific,iOS,ISP_SIDE
26.4,3.64,5.68,27.65,29.41,0.07,1,3000,1080,236.85,64.7,56.81,4.95,112.23,0,browsing,Verizon,South America,iOS,ISP_SIDE
154.19,2.47,16.97,48.24,29.01,1.0,1,5000,720,293.81,67.93,53.51,1.46,87.15,1,searching,Comcast,South America,Android,ISP_SIDE
74.84,3.27,22.45,64.7,23.82,4.99,3,3000,720,155.89,72.7,65.47,1.96,136.79,0,searching,AT&T,Europe,Android,ISP_SIDE
78.71,2.47,8.17,43.97,45.15,1.24,2,5000,1080,242.23,77.07,55.22,1.13,169.73,0,searching,Verizon,Asia-Pacific,SmartTV,APP_SIDE
79.74,3.96,22.61,57.78,31.02,1.66,0,3000,1080,175.8,67.72,59.55,2.01,109.36,0,browsing,Airtel,Asia-Pacific,Android,ISP_SIDE
67.5,2.38,11.2,50.53,29.72,7.86,0,3000,1080,157.3,59.55,54.99,0.27,118.88,1,searching,Comcast,North America,SmartTV,APP_SIDE
63.09,1.94,24.64,38.71,32.97,1.31,1,3000,1080,77.43,65.49,54.13,3.57,120.65,0,browsing,Comcast,Asia-Pacific,Web,APP_SIDE
47.38,3.81,19.52,42.85,35.91,1.82,2,3000,720,194.71,81.06,56.92,0.38,155.78,0,streaming,Comcast,North America,Android,ISP_SIDE
49.61,1.66,8.19,38.22,25.12,0.57,1,5000,1080,127.53,75.93,56.71,2.21,85.19,0,searching,Vodafone,North America,iOS,APP_SIDE
90.05,2.35,22.48,38.15,46.11,0.35,1,8000,720,186.63,46.77,70.47,3.56,165.28,0,searching,Verizon,Asia-Pacific,iOS,APP_SIDE
105.26,1.61,2.61,40.06,17.3,1.06,0,15000,2160,173.85,30.32,70.79,2.46,118.48,0,browsing,Comcast,North America,Web,ISP_SIDE
90.47,1.81,6.18,75.39,22.58,1.69,0,8000,1080,201.02,64.05,71.7,0.3,139.52,0,browsing,AT&T,Europe,iOS,APP_SIDE
90.58,3.18,24.43,51.16,35.98,2.64,2,8000,720,128.79,60.55,80.95,3.98,17.6,1,searching,T-Mobile,South America,SmartTV,APP_SIDE
82.14,0.63,10.87,35.98,18.84,1.52,2,5000,720,108.24,65.28,52.17,1.88,106.54,0,searching,Verizon,North America,Android,APP_SIDE
37.31,1.19,11.48,34.34,26.57,3.09,0,8000,720,159.13,87.91,63.11,1.84,117.76,0,browsing,T-Mobile,Asia-Pacific,iOS,ISP_SIDE
75.62,1.28,8.81,65.5,27.7,3.98,4,3000,720,170.66,44.76,41.01,0.83,136.23,0,streaming,Airtel,Europe,SmartTV,APP_SIDE
90.22,2.82,4.28,26.97,39.88,2.96,0,5000,1080,197.56,72.3,75.61,1.13,95.85,1,searching,AT&T,Europe,SmartTV,APP_SIDE
119.29,4.36,12.76,29.58,35.09,0.86,1,5000,720,261.25,39.18,64.19,0.61,73.59,1,browsing,Verizon,Europe,SmartTV,APP_SIDE
17.19,1.23,8.74,42.02,19.58,1.24,2,5000,720,141.19,57.94,69.68,1.06,134.57,0,browsing,AT&T,Asia-Pacific,Web,ISP_SIDE
95.38,2.24,17.36,20.15,38.07,1.4,2,8000,720,235.2,91.96,64.67,0.13,178.51,1,browsing,T-Mobile,South America,iOS,APP_SIDE
33.66,6.3,16.19,51.23,26.69,1.04,3,5000,1080,121.47,21.5,49.88,1.15,128.76,0,browsing,Airtel,South America,iOS,ISP_SIDE
83.31,4.72,11.03,47.5,22.48,2.72,1,5000,720,198.25,91.63,59.62,2.47,100.86,1,searching,Airtel,Europe,Web,APP_SIDE
103.74,2.33,10.97,16.51,40.52,0.77,0,5000,720,105.48,47.12,67.71,0.79,126.96,1,searching,T-Mobile,Europe,iOS,APP_SIDE
105.51,1.65,2.94,38.32,18.61,1.55,0,8000,1080,150.62,69.25,64.84,1.07,84.11,0,searching,Comcast,North America,SmartTV,ISP_SIDE
108.86,2.45,17.02,49.86,20.63,2.14,1,3000,720,132.83,44.28,59.53,3.57,157.15,0,browsing,AT&T,Europe,Web,APP_SIDE
129.93,0.84,5.77,-12.36,30.04,1.51,0,8000,1080,78.63,73.28,59.28,1.45,197.18,1,streaming,T-Mobile,Europe,Web,ISP_SIDE
59.14,1.82,24.53,31.9,14.69,3.05,1,8000,1080,206.78,38.98,56.41,0.95,142.3,0,streaming,Comcast,Europe,Web,ISP_SIDE
62.37,2.99,20.18,31.34,20.84,3.2,1,5000,1080,147.26,45.94,55.41,1.8,125.85,0,browsing,Airtel,Asia-Pacific,Android,ISP_SIDE
23.63,1.78,13.02,59.9,27.08,3.39,1,8000,720,237.08,79.61,67.14,0.12,104.32,0,searching,Vodafone,Asia-Pacific,Android,ISP_SIDE
69.81,1.96,21.83,38.22,24.73,2.86,1,8000,720,207.16,39.45,65.57,0.26,20.97,0,searching,AT&T,Europe,iOS,APP_SIDE
50.98,3.73,18.39,43.37,28.19,1.12,2,15000,2160,202.13,48.84,67.02,2.95,161.14,0,streaming,Comcast,South America,SmartTV,APP_SIDE
56.27,3.36,23.79,26.28,34.52,0.15,3,5000,720,222.85,72.06,48.91,0.86,122.1,0,searching,Airtel,North America,Web,APP_SIDE
75.79,4.07,22.12,34.58,47.33,0.84,4,5000,1080,142.43,86.04,69.39,1.8,67.37,1,searching,Verizon,South America,iOS,ISP_SIDE
61.9,4.61,4.9,62.75,24.47,1.22,0,3000,1080,256.16,58.02,52.27,3.99,165.77,0,searching,Verizon,Asia-Pacific,Web,APP_SIDE
51.12,1.65,21.48,54.45,21.28,2.23,2,15000,2160,252.52,58.28,72.88,2.93,149.21,0,browsing,T-Mobile,Europe,iOS,APP_SIDE
52.31,0.56,19.61,23.76,31.34,1.22,1,8000,720,261.12,79.79,42.58,0.25,101.28,1,streaming,AT&T,North America,Web,APP_SIDE
75.24,4.01,17.1,16.8,39.09,0.47,1,15000,2160,105.48,102.34,75.32,1.91,161.3,1,streaming,Verizon,Europe,Android,APP_SIDE
112.28,0.94,3.79,15.24,19.7,2.48,4,5000,1080,170.43,70.8,50.16,0.05,114.3,1,browsing,Vodafone,Asia-Pacific,SmartTV,APP_SIDE
64.97,3.61,22.73,28.54,17.03,2.67,1,8000,720,93.68,72.67,48.5,4.28,13.48,1,streaming,Airtel,Europe,iOS,APP_SIDE
99.49,2.03,12.18,38.82,37.14,1.75,0,3000,720,165.08,48.17,79.03,2.54,149.15,1,browsing,T-Mobile,Europe,Web,ISP_SIDE
24.49,2.98,16.22,17.47,38.38,0.59,3,3000,1080,109.98,35.52,61.88,0.8,152.12,0,browsing,AT&T,North America,iOS,APP_SIDE
108.91,1.42,23.7,59.91,37.76,2.65,2,15000,2160,187.32,64.42,56.9,1.41,56.34,0,searching,T-Mobile,South America,iOS,APP_SIDE
62.99,2.8,4.08,52.85,26.9,0.5,3,15000,2160,177.49,69.09,56.82,1.28,104.64,0,searching,Airtel,North America,iOS,ISP_SIDE
83.94,2.49,23.72,38.1,23.23,0.78,1,5000,720,115.63,70.73,60.63,1.58,158.43,0,browsing,Verizon,South America,Android,APP_SIDE
112.78,2.22,11.0,35.14,49.32,1.15,0,5000,720,201.71,84.04,47.71,0.57,136.86,1,streaming,Vodafone,Europe,SmartTV,ISP_SIDE
79.92,2.16,4.59,59.72,28.74,2.71,2,5000,1080,178.01,81.38,72.7,1.0,79.91,0,streaming,AT&T,Asia-Pacific,iOS,ISP_SIDE
62.87,1.29,10.97,18.49,16.1,1.95,3,3000,720,176.54,64.57,52.19,0.09,156.57,1,streaming,AT&T,South America,SmartTV,APP_SIDE
51.34,4.02,2.89,75.25,26.85,0.82,0,5000,1080,164.16,54.43,67.69,1.12,94.3,0,streaming,Airtel,Asia-Pacific,Web,APP_SIDE
117.4,0.59,20.85,17.91,28.94,4.76,1,8000,720,139.53,86.83,52.1,2.1,131.44,1,streaming,T-Mobile,Asia-Pacific,SmartTV,APP_SIDE
63.54,1.24,15.02,40.01,27.65,1.31,1,3000,1080,126.54,58.58,63.68,1.54,103.8,0,browsing,Vodafone,Europe,iOS,APP_SIDE
114.81,1.56,22.43,36.13,36.92,0.43,1,15000,2160,140.01,103.55,76.35,0.97,115.52,1,browsing,Vodafone,Europe,iOS,APP_SIDE
84.34,4.48,4.39,35.7,31.86,3.27,0,8000,720,64.95,53.16,58.32,2.1,101.49,0,searching,AT&T,South America,Web,ISP_SIDE
99.02,0.52,12.54,17.1,27.41,1.95,2,8000,1080,97.62,84.68,63.91,1.66,12.18,1,streaming,Verizon,Asia-Pacific,Android,ISP_SIDE
106.49,2.36,10.73,2.45,29.37,1.21,3,15000,2160,157.65,50.13,72.83,1.47,48.49,1,streaming,Vodafone,North America,iOS,ISP_SIDE
47.32,2.15,14.75,32.03,11.22,2.12,1,5000,720,159.29,61.73,64.64,0.11,110.43,0,browsing,Vodafone,South America,Android,APP_SIDE
24.24,0.81,15.41,58.18,25.18,4.73,1,8000,720,239.84,75.63,34.44,3.01,137.17,0,streaming,AT&T,Asia-Pacific,SmartTV,ISP_SIDE
58.9,1.44,24.1,31.58,32.88,1.55,1,8000,1080,249.99,51.82,70.58,0.66,114.62,0,browsing,Comcast,South America,Android,APP_SIDE
55.7,4.17,3.05,48.91,22.44,1.6,0,3000,1080,197.06,43.31,44.97,0.78,83.76,0,browsing,AT&T,South America,SmartTV,APP_SIDE
94.82,0.65,22.24,52.13,33.05,2.47,0,3000,1080,131.29,39.24,53.12,0.53,80.62,0,searching,AT&T,South America,Web,APP_SIDE
79.39,2.2,11.02,84.64,22.29,3.01,0,5000,720,205.38,73.62,37.79,2.74,124.22,0,streaming,Airtel,South America,iOS,ISP_SIDE
